event_id,visitor_id,search_guid,opening_uid,position,collector_ts,is_bot
EVT_80afb00251cf4050,113.221.205.42.9478949861700086,9F0254C6-8E5E-4B0E-AAEC-AD95B078F7A7,~199818191433716728,91,2024-01-15T19:33:16.000+0000,False
EVT_9b06743c85ce49e2,113.221.205.42.9478949861700086,9F0254C6-8E5E-4B0E-AAEC-AD95B078F7A7,~306374057583245916,92,2024-01-15T19:33:16.000+0000,False
EVT_6b864f83bf194de0,113.221.205.42.9478949861700086,9F0254C6-8E5E-4B0E-AAEC-AD95B078F7A7,~880963109817413971,93,2024-01-15T19:33:16.000+0000,False
EVT_f0cd215607744454,113.221.205.42.9478949861700086,9F0254C6-8E5E-4B0E-AAEC-AD95B078F7A7,~365474849911471421,94,2024-01-15T19:33:16.000+0000,False
EVT_bc6d2dd055ef4166,113.221.205.42.9478949861700086,9F0254C6-8E5E-4B0E-AAEC-AD95B078F7A7,~932669438950018402,95,2024-01-15T19:33:16.000+0000,False
EVT_ebdedf6ac43b45c5,113.221.205.42.9478949861700086,9F0254C6-8E5E-4B0E-AAEC-AD95B078F7A7,~753608504712983352,96,2024-01-15T19:33:16.000+0000,False
EVT_66ff221dab2645a2,113.221.205.42.9478949861700086,9F0254C6-8E5E-4B0E-AAEC-AD95B078F7A7,~940515544603651759,97,2024-01-15T19:33:16.000+0000,False
EVT_6c4a78975800449e,113.221.205.42.9478949861700086,9F0254C6-8E5E-4B0E-AAEC-AD95B078F7A7,~907607906474056157,98,2024-01-15T19:33:16.000+0000,False
EVT_fdfc5977618c4bc8,112.108.116.218.5813156693594853,F5440015-5174-4C06-910F-9CB16CCC7F17,~306374057583245916,61,2024-01-15T05:43:21.000+0000,False
EVT_2b2eb5d15a32420f,112.108.116.218.5813156693594853,F5440015-5174-4C06-910F-9CB16CCC7F17,~743274789430450381,62,2024-01-15T05:43:21.000+0000,False
EVT_1907ccfde59a4185,112.108.116.218.5813156693594853,F5440015-5174-4C06-910F-9CB16CCC7F17,~907607906474056157,63,2024-01-15T05:43:21.000+0000,False
EVT_39317cba60d54092,112.108.116.218.5813156693594853,F5440015-5174-4C06-910F-9CB16CCC7F17,~940515544603651759,64,2024-01-15T05:43:21.000+0000,False
EVT_2439d1d0a07248f8,112.108.116.218.5813156693594853,F5440015-5174-4C06-910F-9CB16CCC7F17,~464759857793003888,65,2024-01-15T05:43:21.000+0000,False
EVT_f9f8ea33da2c4cf5,112.108.116.218.5813156693594853,F5440015-5174-4C06-910F-9CB16CCC7F17,~203574195218389338,66,2024-01-15T05:43:21.000+0000,False
EVT_25ca2a5fb70347ac,182.201.52.140.8257931165554636,F982434F-9331-41F2-8D95-0A37AC4DCBEB,~753608504712983352,81,2024-01-15T17:53:18.000+0000,False
EVT_e55841680bd74f91,182.201.52.140.8257931165554636,F982434F-9331-41F2-8D95-0A37AC4DCBEB,~907607906474056157,82,2024-01-15T17:53:18.000+0000,False
EVT_8ceb9b19a6f642ee,182.201.52.140.8257931165554636,F982434F-9331-41F2-8D95-0A37AC4DCBEB,~464759857793003888,83,2024-01-15T17:53:18.000+0000,False
EVT_6df9107cfe2543a8,182.201.52.140.8257931165554636,F982434F-9331-41F2-8D95-0A37AC4DCBEB,~149173799560693904,84,2024-01-15T17:53:18.000+0000,False
EVT_b845dce7e7b44cf9,182.201.52.140.8257931165554636,F982434F-9331-41F2-8D95-0A37AC4DCBEB,~345100575194069253,85,2024-01-15T17:53:18.000+0000,False
EVT_b40f0575be0349a2,182.201.52.140.8257931165554636,F982434F-9331-41F2-8D95-0A37AC4DCBEB,~778387278128331331,86,2024-01-15T17:53:18.000+0000,False
EVT_eecf568258f040e2,113.221.205.42.9478949861700086,0AA189D0-0B9B-45E6-B12F-9961A72A7437,~711985265972524932,41,2024-01-15T10:45:07.000+0000,False
EVT_8722ff45d61742c3,113.221.205.42.9478949861700086,0AA189D0-0B9B-45E6-B12F-9961A72A7437,~253620329726030318,42,2024-01-15T10:45:07.000+0000,False
EVT_76189027b60f427d,113.221.205.42.9478949861700086,0AA189D0-0B9B-45E6-B12F-9961A72A7437,~517970305268049820,43,2024-01-15T10:45:07.000+0000,False
EVT_09fee963948a4e37,113.221.205.42.9478949861700086,0AA189D0-0B9B-45E6-B12F-9961A72A7437,~201229071073273427,44,2024-01-15T10:45:07.000+0000,False
EVT_9d420da1a3a04ec3,113.221.205.42.9478949861700086,0AA189D0-0B9B-45E6-B12F-9961A72A7437,~538977901705763689,45,2024-01-15T10:45:07.000+0000,False
EVT_b2951f261d9c4d90,113.221.205.42.9478949861700086,0AA189D0-0B9B-45E6-B12F-9961A72A7437,~791106233590490366,46,2024-01-15T10:45:07.000+0000,False
EVT_dc13b7ddebe84924,113.221.205.42.9478949861700086,0AA189D0-0B9B-45E6-B12F-9961A72A7437,~345100575194069253,47,2024-01-15T10:45:07.000+0000,False
EVT_a09738355bdb4a6b,113.221.205.42.9478949861700086,0AA189D0-0B9B-45E6-B12F-9961A72A7437,~590229130566262526,48,2024-01-15T10:45:07.000+0000,False
EVT_996a18c891944534,24.173.64.123.5913164520032732,0C1D1B39-F5D9-4ACE-A8EA-54EC511FA084,~926275785385270041,21,2024-01-15T12:26:04.000+0000,False
EVT_bba6acf8c36149de,24.173.64.123.5913164520032732,0C1D1B39-F5D9-4ACE-A8EA-54EC511FA084,~753608504712983352,22,2024-01-15T12:26:04.000+0000,False
EVT_3ceb9c9be9b84270,24.173.64.123.5913164520032732,0C1D1B39-F5D9-4ACE-A8EA-54EC511FA084,~819330391008835362,23,2024-01-15T12:26:04.000+0000,False
EVT_463aaf4c03f14b7f,24.173.64.123.5913164520032732,0C1D1B39-F5D9-4ACE-A8EA-54EC511FA084,~711985265972524932,24,2024-01-15T12:26:04.000+0000,False
EVT_f45b1439a9bd4d54,24.173.64.123.5913164520032732,0C1D1B39-F5D9-4ACE-A8EA-54EC511FA084,~743274789430450381,25,2024-01-15T12:26:04.000+0000,False
EVT_88d3c039c7fd42f8,75.40.229.220.2674905654954640,5033CB69-57F3-4E1A-81C7-C6137558CAFC,~203574195218389338,61,2024-01-15T02:40:27.000+0000,False
EVT_7064c5e5aebd4222,75.40.229.220.2674905654954640,5033CB69-57F3-4E1A-81C7-C6137558CAFC,~711985265972524932,62,2024-01-15T02:40:27.000+0000,False
EVT_987864a55bd3469b,75.40.229.220.2674905654954640,5033CB69-57F3-4E1A-81C7-C6137558CAFC,~632054008047310927,63,2024-01-15T02:40:27.000+0000,False
EVT_aa48ab4e0381436c,75.40.229.220.2674905654954640,5033CB69-57F3-4E1A-81C7-C6137558CAFC,~791106233590490366,64,2024-01-15T02:40:27.000+0000,False
EVT_4472ff3600964425,75.40.229.220.2674905654954640,5033CB69-57F3-4E1A-81C7-C6137558CAFC,~538977901705763689,65,2024-01-15T02:40:27.000+0000,False
EVT_3eda9c6a7009439c,75.40.229.220.2674905654954640,5033CB69-57F3-4E1A-81C7-C6137558CAFC,~932669438950018402,66,2024-01-15T02:40:27.000+0000,False
EVT_1ddf6441759a4487,75.40.229.220.2674905654954640,5033CB69-57F3-4E1A-81C7-C6137558CAFC,~907607906474056157,67,2024-01-15T02:40:27.000+0000,False
EVT_ff60d47f9e494e5a,75.40.229.220.2674905654954640,5033CB69-57F3-4E1A-81C7-C6137558CAFC,~199818191433716728,68,2024-01-15T02:40:27.000+0000,False
EVT_0b9ba51545d84811,75.40.229.220.2674905654954640,5033CB69-57F3-4E1A-81C7-C6137558CAFC,~880963109817413971,69,2024-01-15T02:40:27.000+0000,False
EVT_1c096b2e51ef4881,178.221.166.50.4413353456481963,DB313EEF-5F1F-4484-BCBD-FB812B9D7FAF,~195652715593206219,51,2024-01-15T06:00:07.000+0000,False
EVT_ba8094cd8d5244d8,178.221.166.50.4413353456481963,DB313EEF-5F1F-4484-BCBD-FB812B9D7FAF,~199818191433716728,52,2024-01-15T06:00:07.000+0000,False
EVT_2a6e5e4008124e66,178.221.166.50.4413353456481963,DB313EEF-5F1F-4484-BCBD-FB812B9D7FAF,~590229130566262526,53,2024-01-15T06:00:07.000+0000,False
EVT_7032284332fb42a4,178.221.166.50.4413353456481963,DB313EEF-5F1F-4484-BCBD-FB812B9D7FAF,~365474849911471421,54,2024-01-15T06:00:07.000+0000,False
EVT_7e0e19c1fc2144b6,178.221.166.50.4413353456481963,DB313EEF-5F1F-4484-BCBD-FB812B9D7FAF,~538977901705763689,55,2024-01-15T06:00:07.000+0000,False
EVT_41accf793dd84ba3,178.221.166.50.4413353456481963,DB313EEF-5F1F-4484-BCBD-FB812B9D7FAF,~517970305268049820,56,2024-01-15T06:00:07.000+0000,False
EVT_00a1d3f9f7a6470f,33.56.235.19.4359647642425608,70124117-D1CF-471D-B20F-03CE86660E13,~538977901705763689,91,2024-01-15T19:03:29.000+0000,False
EVT_b0cc7ea2e40c49d6,33.56.235.19.4359647642425608,70124117-D1CF-471D-B20F-03CE86660E13,~345100575194069253,92,2024-01-15T19:03:29.000+0000,False
EVT_6c617a915e5e4a08,33.56.235.19.4359647642425608,70124117-D1CF-471D-B20F-03CE86660E13,~253620329726030318,93,2024-01-15T19:03:29.000+0000,False
EVT_a474534f87ef4d0e,33.56.235.19.4359647642425608,70124117-D1CF-471D-B20F-03CE86660E13,~464759857793003888,94,2024-01-15T19:03:29.000+0000,False
EVT_010cc865a86a4512,33.56.235.19.4359647642425608,70124117-D1CF-471D-B20F-03CE86660E13,~328370574705313521,95,2024-01-15T19:03:29.000+0000,False
EVT_38f60d591a194689,33.56.235.19.4359647642425608,70124117-D1CF-471D-B20F-03CE86660E13,~365474849911471421,96,2024-01-15T19:03:29.000+0000,False
EVT_9178a1a45c06492e,33.56.235.19.4359647642425608,70124117-D1CF-471D-B20F-03CE86660E13,~149173799560693904,97,2024-01-15T19:03:29.000+0000,False
EVT_0ba1451867034340,33.56.235.19.4359647642425608,70124117-D1CF-471D-B20F-03CE86660E13,~932669438950018402,98,2024-01-15T19:03:29.000+0000,False
EVT_2abff6917128466b,33.56.235.19.4359647642425608,70124117-D1CF-471D-B20F-03CE86660E13,~306374057583245916,99,2024-01-15T19:03:29.000+0000,False
EVT_a2b0121c0aec4589,33.56.235.19.4359647642425608,70124117-D1CF-471D-B20F-03CE86660E13,~517970305268049820,100,2024-01-15T19:03:29.000+0000,False
EVT_8cb75430cdcc4b03,178.221.166.50.4413353456481963,3EDB9592-5D12-40E6-8F87-87802ACD0F2E,~203574195218389338,41,2024-01-15T01:08:08.000+0000,False
EVT_73fff24a0f8e4d5a,178.221.166.50.4413353456481963,3EDB9592-5D12-40E6-8F87-87802ACD0F2E,~753608504712983352,42,2024-01-15T01:08:08.000+0000,False
EVT_52095148684e45fe,178.221.166.50.4413353456481963,3EDB9592-5D12-40E6-8F87-87802ACD0F2E,~907607906474056157,43,2024-01-15T01:08:08.000+0000,False
EVT_7f73899d58e54fcb,178.221.166.50.4413353456481963,3EDB9592-5D12-40E6-8F87-87802ACD0F2E,~365474849911471421,44,2024-01-15T01:08:08.000+0000,False
EVT_2ad42ab873a74cce,178.221.166.50.4413353456481963,3EDB9592-5D12-40E6-8F87-87802ACD0F2E,~633457300363584877,45,2024-01-15T01:08:08.000+0000,False
EVT_7a73a6a496334f0e,89.37.233.186.3827654944355096,7C794DC1-FB61-4E5B-8EC3-9ABE3343C474,~880963109817413971,91,2024-01-15T17:49:01.000+0000,False
EVT_4b62b390ac374978,89.37.233.186.3827654944355096,7C794DC1-FB61-4E5B-8EC3-9ABE3343C474,~633457300363584877,92,2024-01-15T17:49:01.000+0000,False
EVT_8b1aab43871b464d,89.37.233.186.3827654944355096,7C794DC1-FB61-4E5B-8EC3-9ABE3343C474,~907607906474056157,93,2024-01-15T17:49:01.000+0000,False
EVT_678e9ff3d48a4830,89.37.233.186.3827654944355096,7C794DC1-FB61-4E5B-8EC3-9ABE3343C474,~711985265972524932,94,2024-01-15T17:49:01.000+0000,False
EVT_fc330d66963842e0,89.37.233.186.3827654944355096,7C794DC1-FB61-4E5B-8EC3-9ABE3343C474,~632054008047310927,95,2024-01-15T17:49:01.000+0000,False
EVT_edfcf2e1d3e347b7,89.37.233.186.3827654944355096,7C794DC1-FB61-4E5B-8EC3-9ABE3343C474,~464759857793003888,96,2024-01-15T17:49:01.000+0000,False
EVT_45c8d70b846f4f5d,89.37.233.186.3827654944355096,7C794DC1-FB61-4E5B-8EC3-9ABE3343C474,~517970305268049820,97,2024-01-15T17:49:01.000+0000,False
EVT_6a6a254fa73445b4,88.29.158.18.1525231383716459,BA8BD524-711E-41A5-A806-B2340FCEEB4C,~538977901705763689,11,2024-01-15T08:01:20.000+0000,False
EVT_61c54e98d1bf4cde,88.29.158.18.1525231383716459,BA8BD524-711E-41A5-A806-B2340FCEEB4C,~819330391008835362,12,2024-01-15T08:01:20.000+0000,False
EVT_5e6d3b94533944e2,88.29.158.18.1525231383716459,BA8BD524-711E-41A5-A806-B2340FCEEB4C,~306374057583245916,13,2024-01-15T08:01:20.000+0000,False
EVT_caefc6aaca7644d9,88.29.158.18.1525231383716459,BA8BD524-711E-41A5-A806-B2340FCEEB4C,~590229130566262526,14,2024-01-15T08:01:20.000+0000,False
EVT_cf8faad172b541b7,88.29.158.18.1525231383716459,BA8BD524-711E-41A5-A806-B2340FCEEB4C,~517970305268049820,15,2024-01-15T08:01:20.000+0000,False
EVT_bfe5a99182df4bd5,88.29.158.18.1525231383716459,BA8BD524-711E-41A5-A806-B2340FCEEB4C,~149173799560693904,16,2024-01-15T08:01:20.000+0000,False
EVT_fd9509206c574998,88.29.158.18.1525231383716459,BA8BD524-711E-41A5-A806-B2340FCEEB4C,~632054008047310927,17,2024-01-15T08:01:20.000+0000,False
EVT_0928528d9b124f25,88.29.158.18.1525231383716459,BA8BD524-711E-41A5-A806-B2340FCEEB4C,~345100575194069253,18,2024-01-15T08:01:20.000+0000,False
EVT_62bdc6f4ae134886,88.29.158.18.1525231383716459,BA8BD524-711E-41A5-A806-B2340FCEEB4C,~329971088208109483,19,2024-01-15T08:01:20.000+0000,False
EVT_a093c63f349247e7,88.29.158.18.1525231383716459,BA8BD524-711E-41A5-A806-B2340FCEEB4C,~753608504712983352,20,2024-01-15T08:01:20.000+0000,False
EVT_b097af15d8754725,123.248.62.77.8669199898066131,D3FD819A-565A-439F-897A-FAFE041E9AC3,~926275785385270041,41,2024-01-15T16:43:11.000+0000,False
EVT_9509730394e94452,123.248.62.77.8669199898066131,D3FD819A-565A-439F-897A-FAFE041E9AC3,~633457300363584877,42,2024-01-15T16:43:11.000+0000,False
EVT_b2d88ba9aa864485,123.248.62.77.8669199898066131,D3FD819A-565A-439F-897A-FAFE041E9AC3,~203574195218389338,43,2024-01-15T16:43:11.000+0000,False
EVT_f24721c6a320482f,123.248.62.77.8669199898066131,D3FD819A-565A-439F-897A-FAFE041E9AC3,~632054008047310927,44,2024-01-15T16:43:11.000+0000,False
EVT_537b5c07d9534a3b,123.248.62.77.8669199898066131,D3FD819A-565A-439F-897A-FAFE041E9AC3,~743274789430450381,45,2024-01-15T16:43:11.000+0000,False
EVT_aba35b8779cc479b,88.29.158.18.1525231383716459,D7ED933A-AD13-4535-9952-C0048966AF81,~199818191433716728,1,2024-01-15T00:40:04.000+0000,False
EVT_f596f88093b841df,88.29.158.18.1525231383716459,D7ED933A-AD13-4535-9952-C0048966AF81,~697968477332656152,2,2024-01-15T00:40:04.000+0000,False
EVT_04fd38c9bd4f41b6,88.29.158.18.1525231383716459,D7ED933A-AD13-4535-9952-C0048966AF81,~345100575194069253,3,2024-01-15T00:40:04.000+0000,False
EVT_3c9226edb62c4079,88.29.158.18.1525231383716459,D7ED933A-AD13-4535-9952-C0048966AF81,~711985265972524932,4,2024-01-15T00:40:04.000+0000,False
EVT_fb345f6814334eae,88.29.158.18.1525231383716459,D7ED933A-AD13-4535-9952-C0048966AF81,~328370574705313521,5,2024-01-15T00:40:04.000+0000,False
EVT_4ae0301addfd4140,88.29.158.18.1525231383716459,D7ED933A-AD13-4535-9952-C0048966AF81,~464759857793003888,6,2024-01-15T00:40:04.000+0000,False
EVT_3fe18463e7a54d11,88.29.158.18.1525231383716459,D7ED933A-AD13-4535-9952-C0048966AF81,~590229130566262526,7,2024-01-15T00:40:04.000+0000,False
EVT_b7015dcbce194541,88.29.158.18.1525231383716459,D7ED933A-AD13-4535-9952-C0048966AF81,~926275785385270041,8,2024-01-15T00:40:04.000+0000,False
EVT_8dcf0b3bc6bd4d50,88.29.158.18.1525231383716459,D7ED933A-AD13-4535-9952-C0048966AF81,~149173799560693904,9,2024-01-15T00:40:04.000+0000,False
EVT_7a3c11c322294fbe,88.29.158.18.1525231383716459,D7ED933A-AD13-4535-9952-C0048966AF81,~538977901705763689,10,2024-01-15T00:40:04.000+0000,False
EVT_118cd5f7b625453d,30.235.122.117.9175452912617543,F030CAB5-F2C2-4D2F-8484-F1DF66B61532,~193174997044464337,31,2024-01-15T06:02:23.000+0000,False
EVT_d035247f40154447,30.235.122.117.9175452912617543,F030CAB5-F2C2-4D2F-8484-F1DF66B61532,~328370574705313521,32,2024-01-15T06:02:23.000+0000,False
EVT_8fa5279162f343c9,30.235.122.117.9175452912617543,F030CAB5-F2C2-4D2F-8484-F1DF66B61532,~819330391008835362,33,2024-01-15T06:02:23.000+0000,False
EVT_360996bbf4b54659,30.235.122.117.9175452912617543,F030CAB5-F2C2-4D2F-8484-F1DF66B61532,~940515544603651759,34,2024-01-15T06:02:23.000+0000,False
EVT_64ff394cf7a846dd,30.235.122.117.9175452912617543,F030CAB5-F2C2-4D2F-8484-F1DF66B61532,~199818191433716728,35,2024-01-15T06:02:23.000+0000,False
EVT_5eba04eca41c443a,30.235.122.117.9175452912617543,F030CAB5-F2C2-4D2F-8484-F1DF66B61532,~590229130566262526,36,2024-01-15T06:02:23.000+0000,False
EVT_bbd95ab50fe844ef,30.235.122.117.9175452912617543,F030CAB5-F2C2-4D2F-8484-F1DF66B61532,~149173799560693904,37,2024-01-15T06:02:23.000+0000,False
EVT_6fdbdb78e814476c,30.235.122.117.9175452912617543,F030CAB5-F2C2-4D2F-8484-F1DF66B61532,~697968477332656152,38,2024-01-15T06:02:23.000+0000,False
EVT_90dce37afd194285,180.192.122.59.4034048133606968,7123AADB-2424-4D59-A0D6-C8A3EEA2B7FB,~201229071073273427,41,2024-01-15T09:21:24.000+0000,False
EVT_cfdb6811ed4f48ff,180.192.122.59.4034048133606968,7123AADB-2424-4D59-A0D6-C8A3EEA2B7FB,~253620329726030318,42,2024-01-15T09:21:24.000+0000,False
EVT_7ef3d30094114520,180.192.122.59.4034048133606968,7123AADB-2424-4D59-A0D6-C8A3EEA2B7FB,~365474849911471421,43,2024-01-15T09:21:24.000+0000,False
EVT_6cd0ce5c7e8d46af,180.192.122.59.4034048133606968,7123AADB-2424-4D59-A0D6-C8A3EEA2B7FB,~203574195218389338,44,2024-01-15T09:21:24.000+0000,False
EVT_0022b5dfcb714b28,180.192.122.59.4034048133606968,7123AADB-2424-4D59-A0D6-C8A3EEA2B7FB,~753608504712983352,45,2024-01-15T09:21:24.000+0000,False
EVT_f4fd4c241a0c4068,180.192.122.59.4034048133606968,7123AADB-2424-4D59-A0D6-C8A3EEA2B7FB,~819330391008835362,46,2024-01-15T09:21:24.000+0000,False
EVT_d2010b022bcc4a4a,180.192.122.59.4034048133606968,7123AADB-2424-4D59-A0D6-C8A3EEA2B7FB,~193174997044464337,47,2024-01-15T09:21:24.000+0000,False
EVT_9c83b2686bd64f24,180.192.122.59.4034048133606968,7123AADB-2424-4D59-A0D6-C8A3EEA2B7FB,~940515544603651759,48,2024-01-15T09:21:24.000+0000,False
EVT_97dfdbb4d1c14bf9,114.41.34.40.3665895407587144,7FE5ABC8-0EF3-4303-AA6F-4C48E23B132C,~778387278128331331,91,2024-01-15T15:17:09.000+0000,False
EVT_989c2c70fb0b437f,114.41.34.40.3665895407587144,7FE5ABC8-0EF3-4303-AA6F-4C48E23B132C,~199818191433716728,92,2024-01-15T15:17:09.000+0000,False
EVT_fd3233d2dc1a4c13,114.41.34.40.3665895407587144,7FE5ABC8-0EF3-4303-AA6F-4C48E23B132C,~819330391008835362,93,2024-01-15T15:17:09.000+0000,False
EVT_0536d7379a3b4f0d,114.41.34.40.3665895407587144,7FE5ABC8-0EF3-4303-AA6F-4C48E23B132C,~880963109817413971,94,2024-01-15T15:17:09.000+0000,False
EVT_4bb62109e9384097,114.41.34.40.3665895407587144,7FE5ABC8-0EF3-4303-AA6F-4C48E23B132C,~306374057583245916,95,2024-01-15T15:17:09.000+0000,False
EVT_16c1eeefd4cf4e18,114.41.34.40.3665895407587144,7FE5ABC8-0EF3-4303-AA6F-4C48E23B132C,~711985265972524932,96,2024-01-15T15:17:09.000+0000,False
EVT_54843f9d9291450f,114.41.34.40.3665895407587144,7FE5ABC8-0EF3-4303-AA6F-4C48E23B132C,~753608504712983352,97,2024-01-15T15:17:09.000+0000,False
EVT_e150b5ed8b4546bc,114.41.34.40.3665895407587144,7FE5ABC8-0EF3-4303-AA6F-4C48E23B132C,~697968477332656152,98,2024-01-15T15:17:09.000+0000,False
EVT_7cfb8785a70e48f0,146.61.10.143.9555958439458102,23A3DF2F-2802-432C-A61F-606A8B0BF281,~711985265972524932,21,2024-01-15T07:50:20.000+0000,False
EVT_b9c637efe5f84662,146.61.10.143.9555958439458102,23A3DF2F-2802-432C-A61F-606A8B0BF281,~329971088208109483,22,2024-01-15T07:50:20.000+0000,False
EVT_145e9b07d78d401c,146.61.10.143.9555958439458102,23A3DF2F-2802-432C-A61F-606A8B0BF281,~753608504712983352,23,2024-01-15T07:50:20.000+0000,False
EVT_8229438dbd4d4662,146.61.10.143.9555958439458102,23A3DF2F-2802-432C-A61F-606A8B0BF281,~199818191433716728,24,2024-01-15T07:50:20.000+0000,False
EVT_4407b9af22214fae,146.61.10.143.9555958439458102,23A3DF2F-2802-432C-A61F-606A8B0BF281,~517970305268049820,25,2024-01-15T07:50:20.000+0000,False
EVT_435806c231cf4316,146.61.10.143.9555958439458102,23A3DF2F-2802-432C-A61F-606A8B0BF281,~697968477332656152,26,2024-01-15T07:50:20.000+0000,False
EVT_996252d9feef4259,92.211.132.146.9375169593996057,039765DE-BEA9-4197-B5D7-8A498D5A58E1,~345100575194069253,81,2024-01-15T02:48:01.000+0000,False
EVT_50f5d5cddc224b0a,92.211.132.146.9375169593996057,039765DE-BEA9-4197-B5D7-8A498D5A58E1,~517970305268049820,82,2024-01-15T02:48:01.000+0000,False
EVT_a87c1fab726e4ae4,92.211.132.146.9375169593996057,039765DE-BEA9-4197-B5D7-8A498D5A58E1,~199818191433716728,83,2024-01-15T02:48:01.000+0000,False
EVT_7940fbdc1b214d4b,92.211.132.146.9375169593996057,039765DE-BEA9-4197-B5D7-8A498D5A58E1,~926275785385270041,84,2024-01-15T02:48:01.000+0000,False
EVT_857f05b590b64bc5,92.211.132.146.9375169593996057,039765DE-BEA9-4197-B5D7-8A498D5A58E1,~538977901705763689,85,2024-01-15T02:48:01.000+0000,False
EVT_4a62f9b7b8874ee4,92.211.132.146.9375169593996057,039765DE-BEA9-4197-B5D7-8A498D5A58E1,~329971088208109483,86,2024-01-15T02:48:01.000+0000,False
EVT_1c93ade5140247cf,92.211.132.146.9375169593996057,039765DE-BEA9-4197-B5D7-8A498D5A58E1,~743274789430450381,87,2024-01-15T02:48:01.000+0000,False
EVT_6f8f2e8eeb564c56,92.211.132.146.9375169593996057,039765DE-BEA9-4197-B5D7-8A498D5A58E1,~778387278128331331,88,2024-01-15T02:48:01.000+0000,False
EVT_f50f75d411a3454c,92.211.132.146.9375169593996057,039765DE-BEA9-4197-B5D7-8A498D5A58E1,~193174997044464337,89,2024-01-15T02:48:01.000+0000,False
EVT_2fd01f3398144163,60.98.11.180.7254036549647255,E8D5F127-9D33-4E3C-B607-E5761A350F7E,~538977901705763689,61,2024-01-15T08:14:10.000+0000,False
EVT_e33f31e1b4ae406d,60.98.11.180.7254036549647255,E8D5F127-9D33-4E3C-B607-E5761A350F7E,~711985265972524932,62,2024-01-15T08:14:10.000+0000,False
EVT_2ac1e6547230467c,60.98.11.180.7254036549647255,E8D5F127-9D33-4E3C-B607-E5761A350F7E,~697968477332656152,63,2024-01-15T08:14:10.000+0000,False
EVT_5896076307774b96,60.98.11.180.7254036549647255,E8D5F127-9D33-4E3C-B607-E5761A350F7E,~633457300363584877,64,2024-01-15T08:14:10.000+0000,False
EVT_4813c9eea54b47f3,60.98.11.180.7254036549647255,E8D5F127-9D33-4E3C-B607-E5761A350F7E,~365474849911471421,65,2024-01-15T08:14:10.000+0000,False
EVT_46c2aafe7b92463c,22.96.65.106.4033210697775349,3C880B4A-EC8B-46DD-963D-E1BA54472FF0,~193174997044464337,21,2024-01-15T21:02:04.000+0000,False
EVT_78a180d49492495f,22.96.65.106.4033210697775349,3C880B4A-EC8B-46DD-963D-E1BA54472FF0,~195652715593206219,22,2024-01-15T21:02:04.000+0000,False
EVT_33a19610e39f4b47,22.96.65.106.4033210697775349,3C880B4A-EC8B-46DD-963D-E1BA54472FF0,~464759857793003888,23,2024-01-15T21:02:04.000+0000,False
EVT_5927c2d072a64022,22.96.65.106.4033210697775349,3C880B4A-EC8B-46DD-963D-E1BA54472FF0,~201229071073273427,24,2024-01-15T21:02:04.000+0000,False
EVT_2a2c51befd514404,22.96.65.106.4033210697775349,3C880B4A-EC8B-46DD-963D-E1BA54472FF0,~711985265972524932,25,2024-01-15T21:02:04.000+0000,False
EVT_577c58d15c9d4e18,22.96.65.106.4033210697775349,3C880B4A-EC8B-46DD-963D-E1BA54472FF0,~365474849911471421,26,2024-01-15T21:02:04.000+0000,False
EVT_d3a0a54982c24638,30.235.122.117.9175452912617543,BD3D6D9B-EB8F-4CCF-958A-0627E3A2B3CC,~753608504712983352,31,2024-01-15T21:02:12.000+0000,False
EVT_768a91a2147b40d5,30.235.122.117.9175452912617543,BD3D6D9B-EB8F-4CCF-958A-0627E3A2B3CC,~791106233590490366,32,2024-01-15T21:02:12.000+0000,False
EVT_85b0ebbe1199426e,30.235.122.117.9175452912617543,BD3D6D9B-EB8F-4CCF-958A-0627E3A2B3CC,~632054008047310927,33,2024-01-15T21:02:12.000+0000,False
EVT_08e4b161f5a94950,30.235.122.117.9175452912617543,BD3D6D9B-EB8F-4CCF-958A-0627E3A2B3CC,~201229071073273427,34,2024-01-15T21:02:12.000+0000,False
EVT_6321f523f92e42df,30.235.122.117.9175452912617543,BD3D6D9B-EB8F-4CCF-958A-0627E3A2B3CC,~203574195218389338,35,2024-01-15T21:02:12.000+0000,False
EVT_6bc918b8ccf24d11,30.235.122.117.9175452912617543,BD3D6D9B-EB8F-4CCF-958A-0627E3A2B3CC,~306374057583245916,36,2024-01-15T21:02:12.000+0000,False
EVT_1ed90a21240642df,30.235.122.117.9175452912617543,BD3D6D9B-EB8F-4CCF-958A-0627E3A2B3CC,~195652715593206219,37,2024-01-15T21:02:12.000+0000,False
EVT_6dbfe2bbeeaf4c7c,112.108.116.218.5813156693594853,5A8C5AA4-D7A2-4F65-A5FC-DD320A97ECAA,~633457300363584877,21,2024-01-15T05:35:20.000+0000,False
EVT_f8b9c6d7b33c4e41,112.108.116.218.5813156693594853,5A8C5AA4-D7A2-4F65-A5FC-DD320A97ECAA,~195652715593206219,22,2024-01-15T05:35:20.000+0000,False
EVT_3ddeccbe594d44bc,112.108.116.218.5813156693594853,5A8C5AA4-D7A2-4F65-A5FC-DD320A97ECAA,~464759857793003888,23,2024-01-15T05:35:20.000+0000,False
EVT_4ff9b9197afe49d1,112.108.116.218.5813156693594853,5A8C5AA4-D7A2-4F65-A5FC-DD320A97ECAA,~907607906474056157,24,2024-01-15T05:35:20.000+0000,False
EVT_bb180c9597b3417c,112.108.116.218.5813156693594853,5A8C5AA4-D7A2-4F65-A5FC-DD320A97ECAA,~711985265972524932,25,2024-01-15T05:35:20.000+0000,False
EVT_c9acfa850add423d,112.108.116.218.5813156693594853,5A8C5AA4-D7A2-4F65-A5FC-DD320A97ECAA,~201229071073273427,26,2024-01-15T05:35:20.000+0000,False
EVT_af67ba88ca78432b,112.108.116.218.5813156693594853,5A8C5AA4-D7A2-4F65-A5FC-DD320A97ECAA,~753608504712983352,27,2024-01-15T05:35:20.000+0000,False
EVT_5cb6fe1c7d544cbd,112.108.116.218.5813156693594853,5A8C5AA4-D7A2-4F65-A5FC-DD320A97ECAA,~880963109817413971,28,2024-01-15T05:35:20.000+0000,False
EVT_de42ebececb448fc,112.108.116.218.5813156693594853,5A8C5AA4-D7A2-4F65-A5FC-DD320A97ECAA,~345100575194069253,29,2024-01-15T05:35:20.000+0000,False
EVT_3a819ea96c034bbd,112.108.116.218.5813156693594853,5A8C5AA4-D7A2-4F65-A5FC-DD320A97ECAA,~306374057583245916,30,2024-01-15T05:35:20.000+0000,False
EVT_9a9e46c2c68547ef,92.211.132.146.9375169593996057,181E3BF6-1BDF-4381-BAE8-7A68AB74BE92,~880963109817413971,21,2024-01-15T01:33:03.000+0000,False
EVT_bd02a87d9c6c40c3,92.211.132.146.9375169593996057,181E3BF6-1BDF-4381-BAE8-7A68AB74BE92,~926275785385270041,22,2024-01-15T01:33:03.000+0000,False
EVT_09874e0250ad4c4e,92.211.132.146.9375169593996057,181E3BF6-1BDF-4381-BAE8-7A68AB74BE92,~932669438950018402,23,2024-01-15T01:33:03.000+0000,False
EVT_5a515423c7d84bf6,92.211.132.146.9375169593996057,181E3BF6-1BDF-4381-BAE8-7A68AB74BE92,~199818191433716728,24,2024-01-15T01:33:03.000+0000,False
EVT_2f8a581bb3044c56,92.211.132.146.9375169593996057,181E3BF6-1BDF-4381-BAE8-7A68AB74BE92,~345100575194069253,25,2024-01-15T01:33:03.000+0000,False
EVT_85822b8190704ae7,123.248.62.77.8669199898066131,5AC8316E-69A8-4261-9BF4-61D73CB0BCAB,~195652715593206219,81,2024-01-15T18:44:10.000+0000,False
EVT_a8a2b8651e284443,123.248.62.77.8669199898066131,5AC8316E-69A8-4261-9BF4-61D73CB0BCAB,~329971088208109483,82,2024-01-15T18:44:10.000+0000,False
EVT_389376266fa24756,123.248.62.77.8669199898066131,5AC8316E-69A8-4261-9BF4-61D73CB0BCAB,~149173799560693904,83,2024-01-15T18:44:10.000+0000,False
EVT_7f74d7d00d124b9e,123.248.62.77.8669199898066131,5AC8316E-69A8-4261-9BF4-61D73CB0BCAB,~590229130566262526,84,2024-01-15T18:44:10.000+0000,False
EVT_f76d18bbac64462d,123.248.62.77.8669199898066131,5AC8316E-69A8-4261-9BF4-61D73CB0BCAB,~697968477332656152,85,2024-01-15T18:44:10.000+0000,False
EVT_158746e665d24657,123.248.62.77.8669199898066131,5AC8316E-69A8-4261-9BF4-61D73CB0BCAB,~253620329726030318,86,2024-01-15T18:44:10.000+0000,False
EVT_e2cdaccf3f8941bd,44.143.113.61.8090612618948995,5723F0A9-C4DF-4D84-81D2-84B6790FA3E4,~940515544603651759,61,2024-01-15T14:38:28.000+0000,False
EVT_0528aafb28194f39,44.143.113.61.8090612618948995,5723F0A9-C4DF-4D84-81D2-84B6790FA3E4,~201229071073273427,62,2024-01-15T14:38:28.000+0000,False
EVT_426c215757cd4af4,44.143.113.61.8090612618948995,5723F0A9-C4DF-4D84-81D2-84B6790FA3E4,~365474849911471421,63,2024-01-15T14:38:28.000+0000,False
EVT_74fc4e8f014c4245,44.143.113.61.8090612618948995,5723F0A9-C4DF-4D84-81D2-84B6790FA3E4,~306374057583245916,64,2024-01-15T14:38:28.000+0000,False
EVT_2c3e5ae587ce4746,44.143.113.61.8090612618948995,5723F0A9-C4DF-4D84-81D2-84B6790FA3E4,~778387278128331331,65,2024-01-15T14:38:28.000+0000,False
EVT_ab27c9e9c45b41dd,123.248.62.77.8669199898066131,C09FC497-C6E7-4F4D-9AE5-724001050575,~253620329726030318,61,2024-01-15T23:14:04.000+0000,False
EVT_e3b9640aa5764cc7,123.248.62.77.8669199898066131,C09FC497-C6E7-4F4D-9AE5-724001050575,~711985265972524932,62,2024-01-15T23:14:04.000+0000,False
EVT_08bf640011b9406f,123.248.62.77.8669199898066131,C09FC497-C6E7-4F4D-9AE5-724001050575,~590229130566262526,63,2024-01-15T23:14:04.000+0000,False
EVT_8a47b9ede5e3471a,123.248.62.77.8669199898066131,C09FC497-C6E7-4F4D-9AE5-724001050575,~932669438950018402,64,2024-01-15T23:14:04.000+0000,False
EVT_ecd043a8a28e43d2,123.248.62.77.8669199898066131,C09FC497-C6E7-4F4D-9AE5-724001050575,~199818191433716728,65,2024-01-15T23:14:04.000+0000,False
EVT_c3fca2aaf7f343aa,123.248.62.77.8669199898066131,C09FC497-C6E7-4F4D-9AE5-724001050575,~365474849911471421,66,2024-01-15T23:14:04.000+0000,False
EVT_70b7b645fd3041ba,123.248.62.77.8669199898066131,C09FC497-C6E7-4F4D-9AE5-724001050575,~203574195218389338,67,2024-01-15T23:14:04.000+0000,False
EVT_2556b8025bf74653,117.30.249.118.1774789044877091,676B0275-99CB-4C1E-9559-33D99E1801E5,~253620329726030318,61,2024-01-15T04:25:10.000+0000,False
EVT_0617088a58a74bb8,117.30.249.118.1774789044877091,676B0275-99CB-4C1E-9559-33D99E1801E5,~880963109817413971,62,2024-01-15T04:25:10.000+0000,False
EVT_91187e50e9244e80,117.30.249.118.1774789044877091,676B0275-99CB-4C1E-9559-33D99E1801E5,~464759857793003888,63,2024-01-15T04:25:10.000+0000,False
EVT_761ed6d735f44428,117.30.249.118.1774789044877091,676B0275-99CB-4C1E-9559-33D99E1801E5,~819330391008835362,64,2024-01-15T04:25:10.000+0000,False
EVT_1da974e25463428a,117.30.249.118.1774789044877091,676B0275-99CB-4C1E-9559-33D99E1801E5,~203574195218389338,65,2024-01-15T04:25:10.000+0000,False
EVT_6b92b845a8784e8d,117.30.249.118.1774789044877091,676B0275-99CB-4C1E-9559-33D99E1801E5,~345100575194069253,66,2024-01-15T04:25:10.000+0000,False
EVT_d40d44dce37142f0,117.30.249.118.1774789044877091,676B0275-99CB-4C1E-9559-33D99E1801E5,~199818191433716728,67,2024-01-15T04:25:10.000+0000,False
EVT_f96ab5a8faa442e9,117.30.249.118.1774789044877091,676B0275-99CB-4C1E-9559-33D99E1801E5,~743274789430450381,68,2024-01-15T04:25:10.000+0000,False
EVT_81e91b30f5b94e21,117.30.249.118.1774789044877091,676B0275-99CB-4C1E-9559-33D99E1801E5,~697968477332656152,69,2024-01-15T04:25:10.000+0000,False
EVT_33d361a4d4b14b06,46.89.168.11.3969653694250819,FBBB1383-0041-4A88-B2E3-EC1F5299F7F2,~345100575194069253,81,2024-01-15T14:49:24.000+0000,False
EVT_a2855bfb16d34302,46.89.168.11.3969653694250819,FBBB1383-0041-4A88-B2E3-EC1F5299F7F2,~753608504712983352,82,2024-01-15T14:49:24.000+0000,False
EVT_326fb2b9017a471e,46.89.168.11.3969653694250819,FBBB1383-0041-4A88-B2E3-EC1F5299F7F2,~195652715593206219,83,2024-01-15T14:49:24.000+0000,False
EVT_ae748907a9bd4258,46.89.168.11.3969653694250819,FBBB1383-0041-4A88-B2E3-EC1F5299F7F2,~199818191433716728,84,2024-01-15T14:49:24.000+0000,False
EVT_cf2d252c7f6247b9,46.89.168.11.3969653694250819,FBBB1383-0041-4A88-B2E3-EC1F5299F7F2,~203574195218389338,85,2024-01-15T14:49:24.000+0000,False
EVT_2b8865e085cd4864,46.89.168.11.3969653694250819,FBBB1383-0041-4A88-B2E3-EC1F5299F7F2,~819330391008835362,86,2024-01-15T14:49:24.000+0000,False
EVT_cce0f1e147234a0c,178.221.166.50.4413353456481963,8CB97DEA-ECF1-4C98-9E4A-7BC2B8D5D4D8,~306374057583245916,51,2024-01-15T17:19:02.000+0000,False
EVT_3e8de80253d043c8,178.221.166.50.4413353456481963,8CB97DEA-ECF1-4C98-9E4A-7BC2B8D5D4D8,~201229071073273427,52,2024-01-15T17:19:02.000+0000,False
EVT_4febc067f76440b7,178.221.166.50.4413353456481963,8CB97DEA-ECF1-4C98-9E4A-7BC2B8D5D4D8,~365474849911471421,53,2024-01-15T17:19:02.000+0000,False
EVT_59081a26d2c64821,178.221.166.50.4413353456481963,8CB97DEA-ECF1-4C98-9E4A-7BC2B8D5D4D8,~633457300363584877,54,2024-01-15T17:19:02.000+0000,False
EVT_152a48c869b94bf3,178.221.166.50.4413353456481963,8CB97DEA-ECF1-4C98-9E4A-7BC2B8D5D4D8,~819330391008835362,55,2024-01-15T17:19:02.000+0000,False
EVT_41b409ceb829426b,178.221.166.50.4413353456481963,8CB97DEA-ECF1-4C98-9E4A-7BC2B8D5D4D8,~907607906474056157,56,2024-01-15T17:19:02.000+0000,False
EVT_b002026f20d94133,54.55.114.47.2869710607256063,BC7B0188-10A5-4B08-9136-E41E29A1F1AC,~633457300363584877,11,2024-01-15T15:23:07.000+0000,False
EVT_f2acf890f6a84a9b,54.55.114.47.2869710607256063,BC7B0188-10A5-4B08-9136-E41E29A1F1AC,~932669438950018402,12,2024-01-15T15:23:07.000+0000,False
EVT_6cbcd2e71f5c4448,54.55.114.47.2869710607256063,BC7B0188-10A5-4B08-9136-E41E29A1F1AC,~590229130566262526,13,2024-01-15T15:23:07.000+0000,False
EVT_236f9634982243fc,54.55.114.47.2869710607256063,BC7B0188-10A5-4B08-9136-E41E29A1F1AC,~743274789430450381,14,2024-01-15T15:23:07.000+0000,False
EVT_3d32993924af4b75,54.55.114.47.2869710607256063,BC7B0188-10A5-4B08-9136-E41E29A1F1AC,~195652715593206219,15,2024-01-15T15:23:07.000+0000,False
EVT_f1d1ffec40d84333,54.55.114.47.2869710607256063,BC7B0188-10A5-4B08-9136-E41E29A1F1AC,~791106233590490366,16,2024-01-15T15:23:07.000+0000,False
EVT_d7bd151df9cf4f25,54.55.114.47.2869710607256063,BC7B0188-10A5-4B08-9136-E41E29A1F1AC,~365474849911471421,17,2024-01-15T15:23:07.000+0000,False
EVT_9577c19ec00a43f0,54.55.114.47.2869710607256063,BC7B0188-10A5-4B08-9136-E41E29A1F1AC,~538977901705763689,18,2024-01-15T15:23:07.000+0000,False
EVT_fe5b89240d6f444a,54.55.114.47.2869710607256063,BC7B0188-10A5-4B08-9136-E41E29A1F1AC,~711985265972524932,19,2024-01-15T15:23:07.000+0000,False
EVT_45b6a7acf21d4e72,54.55.114.47.2869710607256063,BC7B0188-10A5-4B08-9136-E41E29A1F1AC,~149173799560693904,20,2024-01-15T15:23:07.000+0000,False
EVT_9061425437324cbf,182.201.52.140.8257931165554636,78F63D02-4941-4ABB-A6CE-63AC44ECC204,~791106233590490366,71,2024-01-15T09:50:27.000+0000,False
EVT_e2a832f2782f4310,182.201.52.140.8257931165554636,78F63D02-4941-4ABB-A6CE-63AC44ECC204,~880963109817413971,72,2024-01-15T09:50:27.000+0000,False
EVT_094091bcb540492c,182.201.52.140.8257931165554636,78F63D02-4941-4ABB-A6CE-63AC44ECC204,~907607906474056157,73,2024-01-15T09:50:27.000+0000,False
EVT_eed41d04e8804d6d,182.201.52.140.8257931165554636,78F63D02-4941-4ABB-A6CE-63AC44ECC204,~199818191433716728,74,2024-01-15T09:50:27.000+0000,False
EVT_73206a4b01e0432a,182.201.52.140.8257931165554636,78F63D02-4941-4ABB-A6CE-63AC44ECC204,~201229071073273427,75,2024-01-15T09:50:27.000+0000,False
EVT_a9c8d43338fd40d1,182.201.52.140.8257931165554636,78F63D02-4941-4ABB-A6CE-63AC44ECC204,~345100575194069253,76,2024-01-15T09:50:27.000+0000,False
EVT_f4ff7da98bf4470a,182.201.52.140.8257931165554636,78F63D02-4941-4ABB-A6CE-63AC44ECC204,~940515544603651759,77,2024-01-15T09:50:27.000+0000,False
EVT_d733fa8a61e846bf,182.201.52.140.8257931165554636,78F63D02-4941-4ABB-A6CE-63AC44ECC204,~193174997044464337,78,2024-01-15T09:50:27.000+0000,False
EVT_cc8ae1a7386c446d,182.201.52.140.8257931165554636,78F63D02-4941-4ABB-A6CE-63AC44ECC204,~195652715593206219,79,2024-01-15T09:50:27.000+0000,False
EVT_c981343fe97e45c6,182.201.52.140.8257931165554636,78F63D02-4941-4ABB-A6CE-63AC44ECC204,~632054008047310927,80,2024-01-15T09:50:27.000+0000,False
EVT_92f45cc7cb3245ba,88.29.158.18.1525231383716459,58193F77-86D4-4EA8-9B08-5E08C6720F96,~791106233590490366,1,2024-01-15T11:53:23.000+0000,False
EVT_1f68c9df426048c6,88.29.158.18.1525231383716459,58193F77-86D4-4EA8-9B08-5E08C6720F96,~464759857793003888,2,2024-01-15T11:53:23.000+0000,False
EVT_1d82ec1f6bf54363,88.29.158.18.1525231383716459,58193F77-86D4-4EA8-9B08-5E08C6720F96,~907607906474056157,3,2024-01-15T11:53:23.000+0000,False
EVT_010b029436d34f2a,88.29.158.18.1525231383716459,58193F77-86D4-4EA8-9B08-5E08C6720F96,~926275785385270041,4,2024-01-15T11:53:23.000+0000,False
EVT_0240822beb8e43f5,88.29.158.18.1525231383716459,58193F77-86D4-4EA8-9B08-5E08C6720F96,~778387278128331331,5,2024-01-15T11:53:23.000+0000,False
EVT_080ddcc347c84036,88.29.158.18.1525231383716459,58193F77-86D4-4EA8-9B08-5E08C6720F96,~932669438950018402,6,2024-01-15T11:53:23.000+0000,False
EVT_0a346cb0c8244d1f,88.29.158.18.1525231383716459,58193F77-86D4-4EA8-9B08-5E08C6720F96,~306374057583245916,7,2024-01-15T11:53:23.000+0000,False
EVT_5bc44bcfd53b4eca,88.29.158.18.1525231383716459,58193F77-86D4-4EA8-9B08-5E08C6720F96,~199818191433716728,8,2024-01-15T11:53:23.000+0000,False
EVT_42d285fc6eb745c8,88.29.158.18.1525231383716459,58193F77-86D4-4EA8-9B08-5E08C6720F96,~819330391008835362,9,2024-01-15T11:53:23.000+0000,False
EVT_5633e27ea48d464b,88.29.158.18.1525231383716459,58193F77-86D4-4EA8-9B08-5E08C6720F96,~193174997044464337,10,2024-01-15T11:53:23.000+0000,False
EVT_d558997b51554564,153.91.207.137.3106839504746820,3C3BB3DD-0063-44E4-AFDB-D9C4AB4C12F0,~345100575194069253,51,2024-01-15T08:53:20.000+0000,False
EVT_ce446b7cac094a9f,153.91.207.137.3106839504746820,3C3BB3DD-0063-44E4-AFDB-D9C4AB4C12F0,~464759857793003888,52,2024-01-15T08:53:20.000+0000,False
EVT_a0f57ebab2b144af,153.91.207.137.3106839504746820,3C3BB3DD-0063-44E4-AFDB-D9C4AB4C12F0,~203574195218389338,53,2024-01-15T08:53:20.000+0000,False
EVT_543466bb181c402f,153.91.207.137.3106839504746820,3C3BB3DD-0063-44E4-AFDB-D9C4AB4C12F0,~940515544603651759,54,2024-01-15T08:53:20.000+0000,False
EVT_a7ce39b7c479485b,153.91.207.137.3106839504746820,3C3BB3DD-0063-44E4-AFDB-D9C4AB4C12F0,~753608504712983352,55,2024-01-15T08:53:20.000+0000,False
EVT_29a30112b52449ca,153.91.207.137.3106839504746820,3C3BB3DD-0063-44E4-AFDB-D9C4AB4C12F0,~697968477332656152,56,2024-01-15T08:53:20.000+0000,False
EVT_5a459cb4d8914def,153.91.207.137.3106839504746820,3C3BB3DD-0063-44E4-AFDB-D9C4AB4C12F0,~306374057583245916,57,2024-01-15T08:53:20.000+0000,False
EVT_47da14c390df4366,153.91.207.137.3106839504746820,3C3BB3DD-0063-44E4-AFDB-D9C4AB4C12F0,~365474849911471421,58,2024-01-15T08:53:20.000+0000,False
EVT_71dd85aa00594554,153.91.207.137.3106839504746820,3C3BB3DD-0063-44E4-AFDB-D9C4AB4C12F0,~778387278128331331,59,2024-01-15T08:53:20.000+0000,False
EVT_7978003a5556407b,153.91.207.137.3106839504746820,3C3BB3DD-0063-44E4-AFDB-D9C4AB4C12F0,~633457300363584877,60,2024-01-15T08:53:20.000+0000,False
EVT_9877db52bb8f4e2b,73.108.85.122.9638732943144612,D51F5F89-BC85-4C07-9DC4-2EF1C3F5E53F,~203574195218389338,1,2024-01-15T08:43:11.000+0000,False
EVT_d4e1ea4bdd9a40ac,73.108.85.122.9638732943144612,D51F5F89-BC85-4C07-9DC4-2EF1C3F5E53F,~907607906474056157,2,2024-01-15T08:43:11.000+0000,False
EVT_2681bb63cfd94a85,73.108.85.122.9638732943144612,D51F5F89-BC85-4C07-9DC4-2EF1C3F5E53F,~940515544603651759,3,2024-01-15T08:43:11.000+0000,False
EVT_195157758be04ecd,73.108.85.122.9638732943144612,D51F5F89-BC85-4C07-9DC4-2EF1C3F5E53F,~464759857793003888,4,2024-01-15T08:43:11.000+0000,False
EVT_14e4973bcd4f4d85,73.108.85.122.9638732943144612,D51F5F89-BC85-4C07-9DC4-2EF1C3F5E53F,~149173799560693904,5,2024-01-15T08:43:11.000+0000,False
EVT_dc5edfeb35f84013,73.108.85.122.9638732943144612,D51F5F89-BC85-4C07-9DC4-2EF1C3F5E53F,~538977901705763689,6,2024-01-15T08:43:11.000+0000,False
EVT_bb66b1530e1a4bc6,73.108.85.122.9638732943144612,D51F5F89-BC85-4C07-9DC4-2EF1C3F5E53F,~697968477332656152,7,2024-01-15T08:43:11.000+0000,False
EVT_8eef5195fd894f0b,73.108.85.122.9638732943144612,D51F5F89-BC85-4C07-9DC4-2EF1C3F5E53F,~753608504712983352,8,2024-01-15T08:43:11.000+0000,False
EVT_9c29ede7e7544f10,73.108.85.122.9638732943144612,D51F5F89-BC85-4C07-9DC4-2EF1C3F5E53F,~328370574705313521,9,2024-01-15T08:43:11.000+0000,False
EVT_0a17912e860c41e0,73.108.85.122.9638732943144612,D51F5F89-BC85-4C07-9DC4-2EF1C3F5E53F,~819330391008835362,10,2024-01-15T08:43:11.000+0000,False
EVT_1703280813134677,183.183.164.230.6572415069303488,C345B1CA-94A0-4EF3-8849-6D72C40F0C96,~517970305268049820,61,2024-01-15T09:28:24.000+0000,False
EVT_a3a23c3ab9c343a8,183.183.164.230.6572415069303488,C345B1CA-94A0-4EF3-8849-6D72C40F0C96,~940515544603651759,62,2024-01-15T09:28:24.000+0000,False
EVT_57da1bdc9e78473b,183.183.164.230.6572415069303488,C345B1CA-94A0-4EF3-8849-6D72C40F0C96,~538977901705763689,63,2024-01-15T09:28:24.000+0000,False
EVT_d2ffa577d433403d,183.183.164.230.6572415069303488,C345B1CA-94A0-4EF3-8849-6D72C40F0C96,~199818191433716728,64,2024-01-15T09:28:24.000+0000,False
EVT_a8040d5c609343f6,183.183.164.230.6572415069303488,C345B1CA-94A0-4EF3-8849-6D72C40F0C96,~195652715593206219,65,2024-01-15T09:28:24.000+0000,False
EVT_90438758b6c44ee6,183.183.164.230.6572415069303488,C345B1CA-94A0-4EF3-8849-6D72C40F0C96,~632054008047310927,66,2024-01-15T09:28:24.000+0000,False
EVT_98503cfeea524ca0,183.183.164.230.6572415069303488,C345B1CA-94A0-4EF3-8849-6D72C40F0C96,~590229130566262526,67,2024-01-15T09:28:24.000+0000,False
EVT_f81d1ab6ec3d48ed,200.202.231.190.4677150128525937,BCD9B7BB-E09F-4658-A976-CC7201F29E23,~880963109817413971,21,2024-01-15T17:04:04.000+0000,False
EVT_9b7744d1ea2a4709,200.202.231.190.4677150128525937,BCD9B7BB-E09F-4658-A976-CC7201F29E23,~791106233590490366,22,2024-01-15T17:04:04.000+0000,False
EVT_68efdb0b0bf54b71,200.202.231.190.4677150128525937,BCD9B7BB-E09F-4658-A976-CC7201F29E23,~753608504712983352,23,2024-01-15T17:04:04.000+0000,False
EVT_e7f0926b3d5946bc,200.202.231.190.4677150128525937,BCD9B7BB-E09F-4658-A976-CC7201F29E23,~778387278128331331,24,2024-01-15T17:04:04.000+0000,False
EVT_103167f77ad64c6d,200.202.231.190.4677150128525937,BCD9B7BB-E09F-4658-A976-CC7201F29E23,~195652715593206219,25,2024-01-15T17:04:04.000+0000,False
EVT_2eed58c1d6c443d5,200.202.231.190.4677150128525937,BCD9B7BB-E09F-4658-A976-CC7201F29E23,~464759857793003888,26,2024-01-15T17:04:04.000+0000,False
EVT_839bc2b2d05946ee,200.202.231.190.4677150128525937,BCD9B7BB-E09F-4658-A976-CC7201F29E23,~926275785385270041,27,2024-01-15T17:04:04.000+0000,False
EVT_e7816f1855e84378,200.202.231.190.4677150128525937,BCD9B7BB-E09F-4658-A976-CC7201F29E23,~199818191433716728,28,2024-01-15T17:04:04.000+0000,False
EVT_9ec7e97a8f074e98,200.202.231.190.4677150128525937,BCD9B7BB-E09F-4658-A976-CC7201F29E23,~632054008047310927,29,2024-01-15T17:04:04.000+0000,False
EVT_954e31562b6e4324,200.202.231.190.4677150128525937,BCD9B7BB-E09F-4658-A976-CC7201F29E23,~711985265972524932,30,2024-01-15T17:04:04.000+0000,False
EVT_77da53ef12d54779,183.183.164.230.6572415069303488,F8EBF81D-CD68-4483-B7F1-5FF356CA4E1C,~149173799560693904,61,2024-01-15T08:26:26.000+0000,False
EVT_caa08e994b734dc0,183.183.164.230.6572415069303488,F8EBF81D-CD68-4483-B7F1-5FF356CA4E1C,~365474849911471421,62,2024-01-15T08:26:26.000+0000,False
EVT_3cd38e4413dd4c0a,183.183.164.230.6572415069303488,F8EBF81D-CD68-4483-B7F1-5FF356CA4E1C,~328370574705313521,63,2024-01-15T08:26:26.000+0000,False
EVT_f9dab1595c3f4cf1,183.183.164.230.6572415069303488,F8EBF81D-CD68-4483-B7F1-5FF356CA4E1C,~907607906474056157,64,2024-01-15T08:26:26.000+0000,False
EVT_72727fc50ba24fa8,183.183.164.230.6572415069303488,F8EBF81D-CD68-4483-B7F1-5FF356CA4E1C,~201229071073273427,65,2024-01-15T08:26:26.000+0000,False
EVT_58c2f3ac1cf24342,183.183.164.230.6572415069303488,F8EBF81D-CD68-4483-B7F1-5FF356CA4E1C,~590229130566262526,66,2024-01-15T08:26:26.000+0000,False
EVT_b0231d13d3a44577,178.221.166.50.4413353456481963,B36CD7DB-766B-479A-9310-A56037F5C9EB,~365474849911471421,31,2024-01-15T16:04:13.000+0000,False
EVT_d076cf30d3424e99,178.221.166.50.4413353456481963,B36CD7DB-766B-479A-9310-A56037F5C9EB,~940515544603651759,32,2024-01-15T16:04:13.000+0000,False
EVT_c6bfa793a2d8429f,178.221.166.50.4413353456481963,B36CD7DB-766B-479A-9310-A56037F5C9EB,~791106233590490366,33,2024-01-15T16:04:13.000+0000,False
EVT_e45ae248c3eb4df1,178.221.166.50.4413353456481963,B36CD7DB-766B-479A-9310-A56037F5C9EB,~743274789430450381,34,2024-01-15T16:04:13.000+0000,False
EVT_40c4164a1151440c,178.221.166.50.4413353456481963,B36CD7DB-766B-479A-9310-A56037F5C9EB,~697968477332656152,35,2024-01-15T16:04:13.000+0000,False
EVT_a2fd92ae28a044e1,178.221.166.50.4413353456481963,B36CD7DB-766B-479A-9310-A56037F5C9EB,~633457300363584877,36,2024-01-15T16:04:13.000+0000,False
EVT_a8c4e54386b949f3,178.221.166.50.4413353456481963,B36CD7DB-766B-479A-9310-A56037F5C9EB,~201229071073273427,37,2024-01-15T16:04:13.000+0000,False
EVT_f7d8c67e23834cda,112.108.116.218.5813156693594853,019DCE6B-9463-4AC5-8C8B-AED5017F66DA,~201229071073273427,71,2024-01-15T14:49:11.000+0000,False
EVT_c828a669470c4fd5,112.108.116.218.5813156693594853,019DCE6B-9463-4AC5-8C8B-AED5017F66DA,~195652715593206219,72,2024-01-15T14:49:11.000+0000,False
EVT_e4b2d4ea58054f3b,112.108.116.218.5813156693594853,019DCE6B-9463-4AC5-8C8B-AED5017F66DA,~633457300363584877,73,2024-01-15T14:49:11.000+0000,False
EVT_e932b07453b04e54,112.108.116.218.5813156693594853,019DCE6B-9463-4AC5-8C8B-AED5017F66DA,~345100575194069253,74,2024-01-15T14:49:11.000+0000,False
EVT_dc86330b8b5a4650,112.108.116.218.5813156693594853,019DCE6B-9463-4AC5-8C8B-AED5017F66DA,~880963109817413971,75,2024-01-15T14:49:11.000+0000,False
EVT_69e1cc5bec4e472e,112.108.116.218.5813156693594853,019DCE6B-9463-4AC5-8C8B-AED5017F66DA,~697968477332656152,76,2024-01-15T14:49:11.000+0000,False
EVT_3bdaa831d1ff47bc,89.37.233.186.3827654944355096,12254CBB-F592-4F61-B199-94CD07283467,~932669438950018402,91,2024-01-15T23:26:17.000+0000,False
EVT_d278cf0130c3442a,89.37.233.186.3827654944355096,12254CBB-F592-4F61-B199-94CD07283467,~149173799560693904,92,2024-01-15T23:26:17.000+0000,False
EVT_de2ed6e5645f4566,89.37.233.186.3827654944355096,12254CBB-F592-4F61-B199-94CD07283467,~193174997044464337,93,2024-01-15T23:26:17.000+0000,False
EVT_d9d911a8f28f4808,89.37.233.186.3827654944355096,12254CBB-F592-4F61-B199-94CD07283467,~199818191433716728,94,2024-01-15T23:26:17.000+0000,False
EVT_771bd9fd7fb540ca,89.37.233.186.3827654944355096,12254CBB-F592-4F61-B199-94CD07283467,~306374057583245916,95,2024-01-15T23:26:17.000+0000,False
EVT_61cfd2758a054be8,89.37.233.186.3827654944355096,12254CBB-F592-4F61-B199-94CD07283467,~632054008047310927,96,2024-01-15T23:26:17.000+0000,False
EVT_58fc6d3538074174,89.37.233.186.3827654944355096,12254CBB-F592-4F61-B199-94CD07283467,~590229130566262526,97,2024-01-15T23:26:17.000+0000,False
EVT_6003f340878a4728,89.37.233.186.3827654944355096,12254CBB-F592-4F61-B199-94CD07283467,~940515544603651759,98,2024-01-15T23:26:17.000+0000,False
EVT_300d2becc38946a6,89.37.233.186.3827654944355096,12254CBB-F592-4F61-B199-94CD07283467,~743274789430450381,99,2024-01-15T23:26:17.000+0000,False
EVT_cc6528f083b444ec,98.178.112.10.5518516531252438,29697FBD-20E8-429A-A755-A597C089B974,~632054008047310927,91,2024-01-15T11:47:16.000+0000,False
EVT_3184a50d7fa54e79,98.178.112.10.5518516531252438,29697FBD-20E8-429A-A755-A597C089B974,~590229130566262526,92,2024-01-15T11:47:16.000+0000,False
EVT_918aaf0f0d1449b1,98.178.112.10.5518516531252438,29697FBD-20E8-429A-A755-A597C089B974,~253620329726030318,93,2024-01-15T11:47:16.000+0000,False
EVT_e73d94f436764cb7,98.178.112.10.5518516531252438,29697FBD-20E8-429A-A755-A597C089B974,~306374057583245916,94,2024-01-15T11:47:16.000+0000,False
EVT_3678bc0cc8564fa4,98.178.112.10.5518516531252438,29697FBD-20E8-429A-A755-A597C089B974,~791106233590490366,95,2024-01-15T11:47:16.000+0000,False
EVT_5a958a2436f54ef7,98.178.112.10.5518516531252438,29697FBD-20E8-429A-A755-A597C089B974,~464759857793003888,96,2024-01-15T11:47:16.000+0000,False
EVT_4b961e94702a48de,98.178.112.10.5518516531252438,29697FBD-20E8-429A-A755-A597C089B974,~633457300363584877,97,2024-01-15T11:47:16.000+0000,False
EVT_b80e9981084e44c8,98.178.112.10.5518516531252438,29697FBD-20E8-429A-A755-A597C089B974,~711985265972524932,98,2024-01-15T11:47:16.000+0000,False
EVT_1bdf978b3e17464d,98.178.112.10.5518516531252438,29697FBD-20E8-429A-A755-A597C089B974,~697968477332656152,99,2024-01-15T11:47:16.000+0000,False
EVT_f747c52e735a4c0d,117.30.249.118.1774789044877091,C3EF9BCF-0626-4330-9015-494607517A20,~711985265972524932,61,2024-01-15T20:05:24.000+0000,False
EVT_dc34df341da8476c,117.30.249.118.1774789044877091,C3EF9BCF-0626-4330-9015-494607517A20,~199818191433716728,62,2024-01-15T20:05:24.000+0000,False
EVT_08deb28d80d24fbc,117.30.249.118.1774789044877091,C3EF9BCF-0626-4330-9015-494607517A20,~517970305268049820,63,2024-01-15T20:05:24.000+0000,False
EVT_b49cc1f6c4b94d27,117.30.249.118.1774789044877091,C3EF9BCF-0626-4330-9015-494607517A20,~253620329726030318,64,2024-01-15T20:05:24.000+0000,False
EVT_d7dd4f4e26a24224,117.30.249.118.1774789044877091,C3EF9BCF-0626-4330-9015-494607517A20,~195652715593206219,65,2024-01-15T20:05:24.000+0000,False
EVT_ef5af8712fd14ae4,117.30.249.118.1774789044877091,C3EF9BCF-0626-4330-9015-494607517A20,~345100575194069253,66,2024-01-15T20:05:24.000+0000,False
EVT_e8f00bc8c9e04623,117.30.249.118.1774789044877091,C3EF9BCF-0626-4330-9015-494607517A20,~697968477332656152,67,2024-01-15T20:05:24.000+0000,False
EVT_68e0458afa374fb6,117.30.249.118.1774789044877091,C3EF9BCF-0626-4330-9015-494607517A20,~538977901705763689,68,2024-01-15T20:05:24.000+0000,False
EVT_1bae0554fe3447e8,117.30.249.118.1774789044877091,C3EF9BCF-0626-4330-9015-494607517A20,~193174997044464337,69,2024-01-15T20:05:24.000+0000,False
EVT_5b9574d4771244b5,117.30.249.118.1774789044877091,C3EF9BCF-0626-4330-9015-494607517A20,~328370574705313521,70,2024-01-15T20:05:24.000+0000,False
EVT_0ae33670edb24531,22.96.65.106.4033210697775349,01DAF234-A689-4FDC-A3C5-426088F19B12,~149173799560693904,31,2024-01-15T07:29:20.000+0000,False
EVT_30a111e80f184f77,22.96.65.106.4033210697775349,01DAF234-A689-4FDC-A3C5-426088F19B12,~791106233590490366,32,2024-01-15T07:29:20.000+0000,False
EVT_264c9953a0bc470b,22.96.65.106.4033210697775349,01DAF234-A689-4FDC-A3C5-426088F19B12,~328370574705313521,33,2024-01-15T07:29:20.000+0000,False
EVT_b9d7b62d1b914897,22.96.65.106.4033210697775349,01DAF234-A689-4FDC-A3C5-426088F19B12,~590229130566262526,34,2024-01-15T07:29:20.000+0000,False
EVT_0812ff27ca7d4be0,22.96.65.106.4033210697775349,01DAF234-A689-4FDC-A3C5-426088F19B12,~711985265972524932,35,2024-01-15T07:29:20.000+0000,False
EVT_2f0ed3cd1dd14e5b,22.96.65.106.4033210697775349,01DAF234-A689-4FDC-A3C5-426088F19B12,~697968477332656152,36,2024-01-15T07:29:20.000+0000,False
EVT_2fd3dd7e95134fe2,22.96.65.106.4033210697775349,01DAF234-A689-4FDC-A3C5-426088F19B12,~517970305268049820,37,2024-01-15T07:29:20.000+0000,False
EVT_6f98acd25fe446c9,112.108.116.218.5813156693594853,A426C8E2-AE6F-45DC-99B4-81846BFD821D,~203574195218389338,81,2024-01-15T09:58:01.000+0000,False
EVT_1f00d902d56141e6,112.108.116.218.5813156693594853,A426C8E2-AE6F-45DC-99B4-81846BFD821D,~306374057583245916,82,2024-01-15T09:58:01.000+0000,False
EVT_ffc0e6d638fb4648,112.108.116.218.5813156693594853,A426C8E2-AE6F-45DC-99B4-81846BFD821D,~932669438950018402,83,2024-01-15T09:58:01.000+0000,False
EVT_3a38a979f00e40ac,112.108.116.218.5813156693594853,A426C8E2-AE6F-45DC-99B4-81846BFD821D,~193174997044464337,84,2024-01-15T09:58:01.000+0000,False
EVT_3ed41da5c14f4e68,112.108.116.218.5813156693594853,A426C8E2-AE6F-45DC-99B4-81846BFD821D,~697968477332656152,85,2024-01-15T09:58:01.000+0000,False
EVT_fc82c8db801d4607,112.108.116.218.5813156693594853,A426C8E2-AE6F-45DC-99B4-81846BFD821D,~517970305268049820,86,2024-01-15T09:58:01.000+0000,False
EVT_3241d95f7a4c4183,112.108.116.218.5813156693594853,A426C8E2-AE6F-45DC-99B4-81846BFD821D,~329971088208109483,87,2024-01-15T09:58:01.000+0000,False
EVT_e665f74a29544f82,112.108.116.218.5813156693594853,A426C8E2-AE6F-45DC-99B4-81846BFD821D,~907607906474056157,88,2024-01-15T09:58:01.000+0000,False
EVT_f8fe880927b341b4,85.227.59.238.7015160388825155,11675322-3BAC-4761-A0C9-F24C6F5761BF,~633457300363584877,21,2024-01-15T23:05:16.000+0000,False
EVT_4bdccb60401d4e3a,85.227.59.238.7015160388825155,11675322-3BAC-4761-A0C9-F24C6F5761BF,~517970305268049820,22,2024-01-15T23:05:16.000+0000,False
EVT_8c22b9be27364fdc,85.227.59.238.7015160388825155,11675322-3BAC-4761-A0C9-F24C6F5761BF,~819330391008835362,23,2024-01-15T23:05:16.000+0000,False
EVT_41884cea617d4939,85.227.59.238.7015160388825155,11675322-3BAC-4761-A0C9-F24C6F5761BF,~590229130566262526,24,2024-01-15T23:05:16.000+0000,False
EVT_ff48b4e9b4984c2b,85.227.59.238.7015160388825155,11675322-3BAC-4761-A0C9-F24C6F5761BF,~932669438950018402,25,2024-01-15T23:05:16.000+0000,False
EVT_29faee0f037648c5,85.227.59.238.7015160388825155,11675322-3BAC-4761-A0C9-F24C6F5761BF,~329971088208109483,26,2024-01-15T23:05:16.000+0000,False
EVT_792a523a2c2e4dd1,85.227.59.238.7015160388825155,11675322-3BAC-4761-A0C9-F24C6F5761BF,~940515544603651759,27,2024-01-15T23:05:16.000+0000,False
EVT_99b5e485da874833,85.227.59.238.7015160388825155,11675322-3BAC-4761-A0C9-F24C6F5761BF,~149173799560693904,28,2024-01-15T23:05:16.000+0000,False
EVT_b2cbc54f0ca747e1,75.27.138.85.7168203998699808,D0E4E490-962F-444B-9993-342CF5AAA810,~538977901705763689,71,2024-01-15T14:29:23.000+0000,False
EVT_97fb3c95f2ab4203,75.27.138.85.7168203998699808,D0E4E490-962F-444B-9993-342CF5AAA810,~203574195218389338,72,2024-01-15T14:29:23.000+0000,False
EVT_eb0b0c7b9e97481d,75.27.138.85.7168203998699808,D0E4E490-962F-444B-9993-342CF5AAA810,~195652715593206219,73,2024-01-15T14:29:23.000+0000,False
EVT_c0f014e64d5b46e6,75.27.138.85.7168203998699808,D0E4E490-962F-444B-9993-342CF5AAA810,~880963109817413971,74,2024-01-15T14:29:23.000+0000,False
EVT_9957d83074584a7e,75.27.138.85.7168203998699808,D0E4E490-962F-444B-9993-342CF5AAA810,~365474849911471421,75,2024-01-15T14:29:23.000+0000,False
EVT_df88a395004d454a,75.27.138.85.7168203998699808,D0E4E490-962F-444B-9993-342CF5AAA810,~329971088208109483,76,2024-01-15T14:29:23.000+0000,False
EVT_71c85881beaa4045,75.27.138.85.7168203998699808,D0E4E490-962F-444B-9993-342CF5AAA810,~253620329726030318,77,2024-01-15T14:29:23.000+0000,False
EVT_8169dff29d2e4616,75.27.138.85.7168203998699808,D0E4E490-962F-444B-9993-342CF5AAA810,~633457300363584877,78,2024-01-15T14:29:23.000+0000,False
EVT_bab29f8699264d69,75.120.235.84.9719996549726992,D721198C-B000-4427-87C8-783B08A3552B,~926275785385270041,21,2024-01-15T13:18:06.000+0000,False
EVT_c567d3017add4b49,75.120.235.84.9719996549726992,D721198C-B000-4427-87C8-783B08A3552B,~329971088208109483,22,2024-01-15T13:18:06.000+0000,False
EVT_de2162d5de39494e,75.120.235.84.9719996549726992,D721198C-B000-4427-87C8-783B08A3552B,~464759857793003888,23,2024-01-15T13:18:06.000+0000,False
EVT_92a4094374244b20,75.120.235.84.9719996549726992,D721198C-B000-4427-87C8-783B08A3552B,~203574195218389338,24,2024-01-15T13:18:06.000+0000,False
EVT_7fbadfbe18914657,75.120.235.84.9719996549726992,D721198C-B000-4427-87C8-783B08A3552B,~328370574705313521,25,2024-01-15T13:18:06.000+0000,False
EVT_86b773beef2b4857,75.120.235.84.9719996549726992,D721198C-B000-4427-87C8-783B08A3552B,~743274789430450381,26,2024-01-15T13:18:06.000+0000,False
EVT_1a9fb26c49da41f1,75.120.235.84.9719996549726992,D721198C-B000-4427-87C8-783B08A3552B,~193174997044464337,27,2024-01-15T13:18:06.000+0000,False
EVT_e09240708f6a497f,88.29.158.18.1525231383716459,B0F8E7C9-4E22-443D-8AF2-4BB70B3035B2,~306374057583245916,41,2024-01-15T07:32:28.000+0000,False
EVT_6f951cc9bc8342b5,88.29.158.18.1525231383716459,B0F8E7C9-4E22-443D-8AF2-4BB70B3035B2,~365474849911471421,42,2024-01-15T07:32:28.000+0000,False
EVT_1e58a16295c14b93,88.29.158.18.1525231383716459,B0F8E7C9-4E22-443D-8AF2-4BB70B3035B2,~517970305268049820,43,2024-01-15T07:32:28.000+0000,False
EVT_e42d409cc1014cba,88.29.158.18.1525231383716459,B0F8E7C9-4E22-443D-8AF2-4BB70B3035B2,~328370574705313521,44,2024-01-15T07:32:28.000+0000,False
EVT_327189e351f64284,88.29.158.18.1525231383716459,B0F8E7C9-4E22-443D-8AF2-4BB70B3035B2,~464759857793003888,45,2024-01-15T07:32:28.000+0000,False
EVT_a154dfde392a49c4,88.29.158.18.1525231383716459,B0F8E7C9-4E22-443D-8AF2-4BB70B3035B2,~711985265972524932,46,2024-01-15T07:32:28.000+0000,False
EVT_4566b6a05fc9447d,88.29.158.18.1525231383716459,B0F8E7C9-4E22-443D-8AF2-4BB70B3035B2,~253620329726030318,47,2024-01-15T07:32:28.000+0000,False
EVT_c05554d31b0540a2,88.29.158.18.1525231383716459,B0F8E7C9-4E22-443D-8AF2-4BB70B3035B2,~932669438950018402,48,2024-01-15T07:32:28.000+0000,False
EVT_a98c7af415fa4f56,88.29.158.18.1525231383716459,B0F8E7C9-4E22-443D-8AF2-4BB70B3035B2,~778387278128331331,49,2024-01-15T07:32:28.000+0000,False
EVT_5dfa460d0f5b4f8a,88.29.158.18.1525231383716459,B0F8E7C9-4E22-443D-8AF2-4BB70B3035B2,~329971088208109483,50,2024-01-15T07:32:28.000+0000,False
EVT_664150ecfa694b36,194.229.112.207.3073543397884956,ED1C6F91-E556-41E4-B096-BF43A3892FBA,~193174997044464337,21,2024-01-15T12:52:09.000+0000,False
EVT_67d76ac5c0c5494f,194.229.112.207.3073543397884956,ED1C6F91-E556-41E4-B096-BF43A3892FBA,~201229071073273427,22,2024-01-15T12:52:09.000+0000,False
EVT_7e917a3e4a05494d,194.229.112.207.3073543397884956,ED1C6F91-E556-41E4-B096-BF43A3892FBA,~538977901705763689,23,2024-01-15T12:52:09.000+0000,False
EVT_40f32016d8544d8a,194.229.112.207.3073543397884956,ED1C6F91-E556-41E4-B096-BF43A3892FBA,~329971088208109483,24,2024-01-15T12:52:09.000+0000,False
EVT_ddd6afe80d4f46a1,194.229.112.207.3073543397884956,ED1C6F91-E556-41E4-B096-BF43A3892FBA,~633457300363584877,25,2024-01-15T12:52:09.000+0000,False
EVT_7884b21e74fe4b71,194.229.112.207.3073543397884956,ED1C6F91-E556-41E4-B096-BF43A3892FBA,~711985265972524932,26,2024-01-15T12:52:09.000+0000,False
EVT_87c74774cd964367,98.178.112.10.5518516531252438,CA96D220-56D7-402A-B54D-1FCA89EBAC2C,~791106233590490366,21,2024-01-15T04:40:10.000+0000,False
EVT_6f801ab529ef4c90,98.178.112.10.5518516531252438,CA96D220-56D7-402A-B54D-1FCA89EBAC2C,~819330391008835362,22,2024-01-15T04:40:10.000+0000,False
EVT_9e6ac014ef954e21,98.178.112.10.5518516531252438,CA96D220-56D7-402A-B54D-1FCA89EBAC2C,~932669438950018402,23,2024-01-15T04:40:10.000+0000,False
EVT_4e0f5ab3e8794729,98.178.112.10.5518516531252438,CA96D220-56D7-402A-B54D-1FCA89EBAC2C,~306374057583245916,24,2024-01-15T04:40:10.000+0000,False
EVT_f7de2f51fa8f40aa,98.178.112.10.5518516531252438,CA96D220-56D7-402A-B54D-1FCA89EBAC2C,~199818191433716728,25,2024-01-15T04:40:10.000+0000,False
EVT_f4ff7f649f7342db,98.178.112.10.5518516531252438,CA96D220-56D7-402A-B54D-1FCA89EBAC2C,~633457300363584877,26,2024-01-15T04:40:10.000+0000,False
EVT_aafe122826dc4645,92.211.132.146.9375169593996057,6BDC490D-A34E-47BC-A9BC-32D56B172E63,~791106233590490366,41,2024-01-15T02:51:26.000+0000,False
EVT_0c3cbccf05354df6,92.211.132.146.9375169593996057,6BDC490D-A34E-47BC-A9BC-32D56B172E63,~907607906474056157,42,2024-01-15T02:51:26.000+0000,False
EVT_cf8e2380e1e34b9c,92.211.132.146.9375169593996057,6BDC490D-A34E-47BC-A9BC-32D56B172E63,~203574195218389338,43,2024-01-15T02:51:26.000+0000,False
EVT_4460e79b2b134f17,92.211.132.146.9375169593996057,6BDC490D-A34E-47BC-A9BC-32D56B172E63,~345100575194069253,44,2024-01-15T02:51:26.000+0000,False
EVT_51886209e3604bb2,92.211.132.146.9375169593996057,6BDC490D-A34E-47BC-A9BC-32D56B172E63,~253620329726030318,45,2024-01-15T02:51:26.000+0000,False
EVT_8749cea8d41e4a66,92.211.132.146.9375169593996057,6BDC490D-A34E-47BC-A9BC-32D56B172E63,~880963109817413971,46,2024-01-15T02:51:26.000+0000,False
EVT_dfa9d8f452b54e36,199.116.129.153.6638297907996333,629020E5-959F-4049-9CD6-7EC10B8EDA8B,~778387278128331331,1,2024-01-15T17:23:15.000+0000,False
EVT_c6e756f5e011408c,199.116.129.153.6638297907996333,629020E5-959F-4049-9CD6-7EC10B8EDA8B,~932669438950018402,2,2024-01-15T17:23:15.000+0000,False
EVT_43d7b1982580454b,199.116.129.153.6638297907996333,629020E5-959F-4049-9CD6-7EC10B8EDA8B,~199818191433716728,3,2024-01-15T17:23:15.000+0000,False
EVT_a98f7fddd42949c3,199.116.129.153.6638297907996333,629020E5-959F-4049-9CD6-7EC10B8EDA8B,~880963109817413971,4,2024-01-15T17:23:15.000+0000,False
EVT_ed171b6ca4d34081,199.116.129.153.6638297907996333,629020E5-959F-4049-9CD6-7EC10B8EDA8B,~590229130566262526,5,2024-01-15T17:23:15.000+0000,False
EVT_31e82328f0a84915,199.116.129.153.6638297907996333,629020E5-959F-4049-9CD6-7EC10B8EDA8B,~907607906474056157,6,2024-01-15T17:23:15.000+0000,False
EVT_a593e2754ed140fc,199.116.129.153.6638297907996333,629020E5-959F-4049-9CD6-7EC10B8EDA8B,~711985265972524932,7,2024-01-15T17:23:15.000+0000,False
EVT_b8ffcc71fa7949d1,199.116.129.153.6638297907996333,629020E5-959F-4049-9CD6-7EC10B8EDA8B,~345100575194069253,8,2024-01-15T17:23:15.000+0000,False
EVT_b9adb840c7844332,89.37.233.186.3827654944355096,CB5F6F39-B98C-436C-8C4A-BED74DFEB2C9,~753608504712983352,31,2024-01-15T07:00:04.000+0000,False
EVT_ce6e4f2276c7400b,89.37.233.186.3827654944355096,CB5F6F39-B98C-436C-8C4A-BED74DFEB2C9,~791106233590490366,32,2024-01-15T07:00:04.000+0000,False
EVT_bf404076b55f471a,89.37.233.186.3827654944355096,CB5F6F39-B98C-436C-8C4A-BED74DFEB2C9,~149173799560693904,33,2024-01-15T07:00:04.000+0000,False
EVT_83d951f935b64118,89.37.233.186.3827654944355096,CB5F6F39-B98C-436C-8C4A-BED74DFEB2C9,~711985265972524932,34,2024-01-15T07:00:04.000+0000,False
EVT_2881d8757aee4f97,89.37.233.186.3827654944355096,CB5F6F39-B98C-436C-8C4A-BED74DFEB2C9,~329971088208109483,35,2024-01-15T07:00:04.000+0000,False
EVT_531dd879daf746a3,89.37.233.186.3827654944355096,CB5F6F39-B98C-436C-8C4A-BED74DFEB2C9,~632054008047310927,36,2024-01-15T07:00:04.000+0000,False
EVT_b90f86624a2b4f5b,89.37.233.186.3827654944355096,CB5F6F39-B98C-436C-8C4A-BED74DFEB2C9,~743274789430450381,37,2024-01-15T07:00:04.000+0000,False
EVT_b5995a6937324e76,199.116.129.153.6638297907996333,53E9C1B9-54C2-4E09-8CCB-15ACC2AAD140,~697968477332656152,21,2024-01-15T00:32:08.000+0000,False
EVT_5031aa03874d47fc,199.116.129.153.6638297907996333,53E9C1B9-54C2-4E09-8CCB-15ACC2AAD140,~633457300363584877,22,2024-01-15T00:32:08.000+0000,False
EVT_78279720ad234709,199.116.129.153.6638297907996333,53E9C1B9-54C2-4E09-8CCB-15ACC2AAD140,~345100575194069253,23,2024-01-15T00:32:08.000+0000,False
EVT_bc233da6c00e4288,199.116.129.153.6638297907996333,53E9C1B9-54C2-4E09-8CCB-15ACC2AAD140,~538977901705763689,24,2024-01-15T00:32:08.000+0000,False
EVT_5099f4265f71481c,199.116.129.153.6638297907996333,53E9C1B9-54C2-4E09-8CCB-15ACC2AAD140,~365474849911471421,25,2024-01-15T00:32:08.000+0000,False
EVT_8fbe067ab32b4c53,199.116.129.153.6638297907996333,53E9C1B9-54C2-4E09-8CCB-15ACC2AAD140,~517970305268049820,26,2024-01-15T00:32:08.000+0000,False
EVT_603cce9037134cc4,199.116.129.153.6638297907996333,53E9C1B9-54C2-4E09-8CCB-15ACC2AAD140,~940515544603651759,27,2024-01-15T00:32:08.000+0000,False
EVT_cc5515f70ea34df3,187.131.246.24.7652303608409502,05ABC145-4DC1-4D19-93CD-95D470A80E20,~743274789430450381,11,2024-01-15T12:40:25.000+0000,False
EVT_6fb3eaeba0944d2a,187.131.246.24.7652303608409502,05ABC145-4DC1-4D19-93CD-95D470A80E20,~697968477332656152,12,2024-01-15T12:40:25.000+0000,False
EVT_9d8bf643953440a2,187.131.246.24.7652303608409502,05ABC145-4DC1-4D19-93CD-95D470A80E20,~633457300363584877,13,2024-01-15T12:40:25.000+0000,False
EVT_fa7d6b115f4a4a07,187.131.246.24.7652303608409502,05ABC145-4DC1-4D19-93CD-95D470A80E20,~203574195218389338,14,2024-01-15T12:40:25.000+0000,False
EVT_1c394266277448bc,187.131.246.24.7652303608409502,05ABC145-4DC1-4D19-93CD-95D470A80E20,~517970305268049820,15,2024-01-15T12:40:25.000+0000,False
EVT_960b89a40d924002,75.120.235.84.9719996549726992,EFEAE847-58A5-4AC0-A440-52A308D4CB9C,~940515544603651759,71,2024-01-15T05:56:23.000+0000,False
EVT_93a8037839a74813,75.120.235.84.9719996549726992,EFEAE847-58A5-4AC0-A440-52A308D4CB9C,~306374057583245916,72,2024-01-15T05:56:23.000+0000,False
EVT_f5b7eb7e87f04ff9,75.120.235.84.9719996549726992,EFEAE847-58A5-4AC0-A440-52A308D4CB9C,~711985265972524932,73,2024-01-15T05:56:23.000+0000,False
EVT_4badf8bdcd294d3c,75.120.235.84.9719996549726992,EFEAE847-58A5-4AC0-A440-52A308D4CB9C,~753608504712983352,74,2024-01-15T05:56:23.000+0000,False
EVT_15fc31342f074512,75.120.235.84.9719996549726992,EFEAE847-58A5-4AC0-A440-52A308D4CB9C,~632054008047310927,75,2024-01-15T05:56:23.000+0000,False
EVT_02b22716e4a44051,75.120.235.84.9719996549726992,EFEAE847-58A5-4AC0-A440-52A308D4CB9C,~329971088208109483,76,2024-01-15T05:56:23.000+0000,False
EVT_57c2f381c43f40fb,75.120.235.84.9719996549726992,EFEAE847-58A5-4AC0-A440-52A308D4CB9C,~365474849911471421,77,2024-01-15T05:56:23.000+0000,False
EVT_3fb09e46e44c46e8,75.120.235.84.9719996549726992,EFEAE847-58A5-4AC0-A440-52A308D4CB9C,~932669438950018402,78,2024-01-15T05:56:23.000+0000,False
EVT_ea3a8fcbbe2c4395,73.108.85.122.9638732943144612,FE85C092-E767-49FC-89B2-FB11D95014EA,~711985265972524932,91,2024-01-15T03:46:09.000+0000,False
EVT_5dd27e35c6384030,73.108.85.122.9638732943144612,FE85C092-E767-49FC-89B2-FB11D95014EA,~791106233590490366,92,2024-01-15T03:46:09.000+0000,False
EVT_e5aba525e20c46f9,73.108.85.122.9638732943144612,FE85C092-E767-49FC-89B2-FB11D95014EA,~753608504712983352,93,2024-01-15T03:46:09.000+0000,False
EVT_8ca5234db3e947ef,73.108.85.122.9638732943144612,FE85C092-E767-49FC-89B2-FB11D95014EA,~195652715593206219,94,2024-01-15T03:46:09.000+0000,False
EVT_dd56626727d54467,73.108.85.122.9638732943144612,FE85C092-E767-49FC-89B2-FB11D95014EA,~329971088208109483,95,2024-01-15T03:46:09.000+0000,False
EVT_e569d3ca64084c9c,73.108.85.122.9638732943144612,FE85C092-E767-49FC-89B2-FB11D95014EA,~743274789430450381,96,2024-01-15T03:46:09.000+0000,False
EVT_81d35d5c7ec3496a,73.108.85.122.9638732943144612,FE85C092-E767-49FC-89B2-FB11D95014EA,~201229071073273427,97,2024-01-15T03:46:09.000+0000,False
EVT_b09de4c104e74d8a,73.108.85.122.9638732943144612,FE85C092-E767-49FC-89B2-FB11D95014EA,~907607906474056157,98,2024-01-15T03:46:09.000+0000,False
EVT_92930fd887fb460d,73.108.85.122.9638732943144612,FE85C092-E767-49FC-89B2-FB11D95014EA,~880963109817413971,99,2024-01-15T03:46:09.000+0000,False
EVT_4e404cc4dbb94c95,73.108.85.122.9638732943144612,FE85C092-E767-49FC-89B2-FB11D95014EA,~632054008047310927,100,2024-01-15T03:46:09.000+0000,False
EVT_df7d1d52579e4d81,199.116.129.153.6638297907996333,3DD511E6-A799-407D-8CEF-0C2646F3E694,~306374057583245916,31,2024-01-15T06:53:05.000+0000,False
EVT_051431d4ddb24848,199.116.129.153.6638297907996333,3DD511E6-A799-407D-8CEF-0C2646F3E694,~517970305268049820,32,2024-01-15T06:53:05.000+0000,False
EVT_34b871d699c9443f,199.116.129.153.6638297907996333,3DD511E6-A799-407D-8CEF-0C2646F3E694,~253620329726030318,33,2024-01-15T06:53:05.000+0000,False
EVT_ef96474fe73341ae,199.116.129.153.6638297907996333,3DD511E6-A799-407D-8CEF-0C2646F3E694,~328370574705313521,34,2024-01-15T06:53:05.000+0000,False
EVT_b7f404e941b7420a,199.116.129.153.6638297907996333,3DD511E6-A799-407D-8CEF-0C2646F3E694,~590229130566262526,35,2024-01-15T06:53:05.000+0000,False
EVT_de58b0f4cc5d470a,199.116.129.153.6638297907996333,3DD511E6-A799-407D-8CEF-0C2646F3E694,~940515544603651759,36,2024-01-15T06:53:05.000+0000,False
EVT_08b4ade6caa54364,75.40.229.220.2674905654954640,573CD560-02A8-4FFC-9657-2AE22446AAEF,~711985265972524932,11,2024-01-15T23:06:20.000+0000,False
EVT_e527da76ecc546f1,75.40.229.220.2674905654954640,573CD560-02A8-4FFC-9657-2AE22446AAEF,~193174997044464337,12,2024-01-15T23:06:20.000+0000,False
EVT_5f9ed05d48d24070,75.40.229.220.2674905654954640,573CD560-02A8-4FFC-9657-2AE22446AAEF,~753608504712983352,13,2024-01-15T23:06:20.000+0000,False
EVT_5ac6ce71bb3b4737,75.40.229.220.2674905654954640,573CD560-02A8-4FFC-9657-2AE22446AAEF,~590229130566262526,14,2024-01-15T23:06:20.000+0000,False
EVT_63ecf91eb92947e6,75.40.229.220.2674905654954640,573CD560-02A8-4FFC-9657-2AE22446AAEF,~195652715593206219,15,2024-01-15T23:06:20.000+0000,False
EVT_0701570a24bf4ec2,75.40.229.220.2674905654954640,573CD560-02A8-4FFC-9657-2AE22446AAEF,~538977901705763689,16,2024-01-15T23:06:20.000+0000,False
EVT_e22b63d890324f3e,85.227.59.238.7015160388825155,F56CA475-F571-42B4-859E-7CC7125D9067,~632054008047310927,71,2024-01-15T08:21:26.000+0000,False
EVT_45ae2249afc7404c,85.227.59.238.7015160388825155,F56CA475-F571-42B4-859E-7CC7125D9067,~199818191433716728,72,2024-01-15T08:21:26.000+0000,False
EVT_05308100d830496d,85.227.59.238.7015160388825155,F56CA475-F571-42B4-859E-7CC7125D9067,~195652715593206219,73,2024-01-15T08:21:26.000+0000,False
EVT_980821acc21142f7,85.227.59.238.7015160388825155,F56CA475-F571-42B4-859E-7CC7125D9067,~590229130566262526,74,2024-01-15T08:21:26.000+0000,False
EVT_594d4d75ab504ebe,85.227.59.238.7015160388825155,F56CA475-F571-42B4-859E-7CC7125D9067,~743274789430450381,75,2024-01-15T08:21:26.000+0000,False
EVT_d9717875292740a1,85.227.59.238.7015160388825155,F56CA475-F571-42B4-859E-7CC7125D9067,~633457300363584877,76,2024-01-15T08:21:26.000+0000,False
EVT_bcdf7fce38ad43a0,85.227.59.238.7015160388825155,F56CA475-F571-42B4-859E-7CC7125D9067,~697968477332656152,77,2024-01-15T08:21:26.000+0000,False
EVT_b60760e4a6924882,85.227.59.238.7015160388825155,F56CA475-F571-42B4-859E-7CC7125D9067,~932669438950018402,78,2024-01-15T08:21:26.000+0000,False
EVT_6787ffb30ac34098,85.227.59.238.7015160388825155,F56CA475-F571-42B4-859E-7CC7125D9067,~306374057583245916,79,2024-01-15T08:21:26.000+0000,False
EVT_001ec5428b5145f5,146.61.10.143.9555958439458102,BA5B9520-FC5A-41CF-8B5F-A48F9D88275F,~365474849911471421,11,2024-01-15T00:33:10.000+0000,False
EVT_451a9a657eb54fa4,146.61.10.143.9555958439458102,BA5B9520-FC5A-41CF-8B5F-A48F9D88275F,~940515544603651759,12,2024-01-15T00:33:10.000+0000,False
EVT_05b244a36a3a4dcc,146.61.10.143.9555958439458102,BA5B9520-FC5A-41CF-8B5F-A48F9D88275F,~880963109817413971,13,2024-01-15T00:33:10.000+0000,False
EVT_a6a36bfc68484cb8,146.61.10.143.9555958439458102,BA5B9520-FC5A-41CF-8B5F-A48F9D88275F,~907607906474056157,14,2024-01-15T00:33:10.000+0000,False
EVT_68ba59d77eac4378,146.61.10.143.9555958439458102,BA5B9520-FC5A-41CF-8B5F-A48F9D88275F,~753608504712983352,15,2024-01-15T00:33:10.000+0000,False
EVT_9423ae42e9844717,146.61.10.143.9555958439458102,BA5B9520-FC5A-41CF-8B5F-A48F9D88275F,~199818191433716728,16,2024-01-15T00:33:10.000+0000,False
EVT_41d3d48b849d4d58,146.61.10.143.9555958439458102,BA5B9520-FC5A-41CF-8B5F-A48F9D88275F,~517970305268049820,17,2024-01-15T00:33:10.000+0000,False
EVT_4123d7ef0f2d4d9f,146.61.10.143.9555958439458102,BA5B9520-FC5A-41CF-8B5F-A48F9D88275F,~926275785385270041,18,2024-01-15T00:33:10.000+0000,False
EVT_366c91b8e3894f47,146.61.10.143.9555958439458102,BA5B9520-FC5A-41CF-8B5F-A48F9D88275F,~345100575194069253,19,2024-01-15T00:33:10.000+0000,False
EVT_917bda4492354851,146.61.10.143.9555958439458102,BA5B9520-FC5A-41CF-8B5F-A48F9D88275F,~819330391008835362,20,2024-01-15T00:33:10.000+0000,False
EVT_d3b512d0866b4ec1,178.221.166.50.4413353456481963,C28F6FBB-29B5-4721-94DA-DF75E2FB1D96,~711985265972524932,51,2024-01-15T16:27:12.000+0000,False
EVT_299a99827f5b445e,178.221.166.50.4413353456481963,C28F6FBB-29B5-4721-94DA-DF75E2FB1D96,~590229130566262526,52,2024-01-15T16:27:12.000+0000,False
EVT_43202648615d40e3,178.221.166.50.4413353456481963,C28F6FBB-29B5-4721-94DA-DF75E2FB1D96,~753608504712983352,53,2024-01-15T16:27:12.000+0000,False
EVT_4021d0cf995a4fbb,178.221.166.50.4413353456481963,C28F6FBB-29B5-4721-94DA-DF75E2FB1D96,~743274789430450381,54,2024-01-15T16:27:12.000+0000,False
EVT_1de882999d224569,178.221.166.50.4413353456481963,C28F6FBB-29B5-4721-94DA-DF75E2FB1D96,~203574195218389338,55,2024-01-15T16:27:12.000+0000,False
EVT_5c4fb57c1d2f49c3,178.221.166.50.4413353456481963,C28F6FBB-29B5-4721-94DA-DF75E2FB1D96,~932669438950018402,56,2024-01-15T16:27:12.000+0000,False
EVT_29ed0faa172e41c0,178.221.166.50.4413353456481963,C28F6FBB-29B5-4721-94DA-DF75E2FB1D96,~199818191433716728,57,2024-01-15T16:27:12.000+0000,False
EVT_56936ebe2f9d4215,178.221.166.50.4413353456481963,C28F6FBB-29B5-4721-94DA-DF75E2FB1D96,~193174997044464337,58,2024-01-15T16:27:12.000+0000,False
EVT_511bff548f3e433f,178.221.166.50.4413353456481963,C28F6FBB-29B5-4721-94DA-DF75E2FB1D96,~201229071073273427,59,2024-01-15T16:27:12.000+0000,False
EVT_363a56224e614d94,168.206.171.222.6457807207416907,5D27F09E-274D-4BB8-ABDA-B02D2B4D0AA1,~907607906474056157,21,2024-01-15T16:28:23.000+0000,False
EVT_f75b4e750b3244c6,168.206.171.222.6457807207416907,5D27F09E-274D-4BB8-ABDA-B02D2B4D0AA1,~711985265972524932,22,2024-01-15T16:28:23.000+0000,False
EVT_b1180e0e3af64ac3,168.206.171.222.6457807207416907,5D27F09E-274D-4BB8-ABDA-B02D2B4D0AA1,~464759857793003888,23,2024-01-15T16:28:23.000+0000,False
EVT_e0fbdfef6b154195,168.206.171.222.6457807207416907,5D27F09E-274D-4BB8-ABDA-B02D2B4D0AA1,~203574195218389338,24,2024-01-15T16:28:23.000+0000,False
EVT_397095bca9194d6b,168.206.171.222.6457807207416907,5D27F09E-274D-4BB8-ABDA-B02D2B4D0AA1,~193174997044464337,25,2024-01-15T16:28:23.000+0000,False
EVT_b11f9ada93d248dc,168.206.171.222.6457807207416907,5D27F09E-274D-4BB8-ABDA-B02D2B4D0AA1,~633457300363584877,26,2024-01-15T16:28:23.000+0000,False
EVT_091e017004cb4981,168.206.171.222.6457807207416907,5D27F09E-274D-4BB8-ABDA-B02D2B4D0AA1,~880963109817413971,27,2024-01-15T16:28:23.000+0000,False
EVT_9b8eec27f1544c89,168.206.171.222.6457807207416907,5D27F09E-274D-4BB8-ABDA-B02D2B4D0AA1,~753608504712983352,28,2024-01-15T16:28:23.000+0000,False
EVT_9500903a473c4ba0,168.206.171.222.6457807207416907,5D27F09E-274D-4BB8-ABDA-B02D2B4D0AA1,~926275785385270041,29,2024-01-15T16:28:23.000+0000,False
EVT_2b925bc5c2634c30,168.206.171.222.6457807207416907,5D27F09E-274D-4BB8-ABDA-B02D2B4D0AA1,~253620329726030318,30,2024-01-15T16:28:23.000+0000,False
EVT_a86c12731fd24672,168.206.171.222.6457807207416907,82E802FF-F378-4209-852E-2911316107E2,~697968477332656152,71,2024-01-15T15:40:09.000+0000,False
EVT_8e767f1bbdcf43ff,168.206.171.222.6457807207416907,82E802FF-F378-4209-852E-2911316107E2,~328370574705313521,72,2024-01-15T15:40:09.000+0000,False
EVT_c7c712fe947a405d,168.206.171.222.6457807207416907,82E802FF-F378-4209-852E-2911316107E2,~940515544603651759,73,2024-01-15T15:40:09.000+0000,False
EVT_a7894e159fe04683,168.206.171.222.6457807207416907,82E802FF-F378-4209-852E-2911316107E2,~711985265972524932,74,2024-01-15T15:40:09.000+0000,False
EVT_7bbe94e4f6b047de,168.206.171.222.6457807207416907,82E802FF-F378-4209-852E-2911316107E2,~880963109817413971,75,2024-01-15T15:40:09.000+0000,False
EVT_9f11501cc6474d95,168.206.171.222.6457807207416907,82E802FF-F378-4209-852E-2911316107E2,~819330391008835362,76,2024-01-15T15:40:09.000+0000,False
EVT_fbab1418ec634025,168.206.171.222.6457807207416907,82E802FF-F378-4209-852E-2911316107E2,~538977901705763689,77,2024-01-15T15:40:09.000+0000,False
EVT_55475413a05a49a1,168.206.171.222.6457807207416907,82E802FF-F378-4209-852E-2911316107E2,~753608504712983352,78,2024-01-15T15:40:09.000+0000,False
EVT_f8c92e51d32448d3,46.89.168.11.3969653694250819,CB1BAD99-10B5-49F3-8DD4-A06BE4E126EB,~195652715593206219,1,2024-01-15T06:12:18.000+0000,False
EVT_e8c49a7ada2e4378,46.89.168.11.3969653694250819,CB1BAD99-10B5-49F3-8DD4-A06BE4E126EB,~203574195218389338,2,2024-01-15T06:12:18.000+0000,False
EVT_e4fdac8bcdfc4c71,46.89.168.11.3969653694250819,CB1BAD99-10B5-49F3-8DD4-A06BE4E126EB,~633457300363584877,3,2024-01-15T06:12:18.000+0000,False
EVT_964601ec9dca4789,46.89.168.11.3969653694250819,CB1BAD99-10B5-49F3-8DD4-A06BE4E126EB,~365474849911471421,4,2024-01-15T06:12:18.000+0000,False
EVT_78c7bd5a859f45dc,46.89.168.11.3969653694250819,CB1BAD99-10B5-49F3-8DD4-A06BE4E126EB,~199818191433716728,5,2024-01-15T06:12:18.000+0000,False
EVT_4103f851db724d6c,46.89.168.11.3969653694250819,CB1BAD99-10B5-49F3-8DD4-A06BE4E126EB,~778387278128331331,6,2024-01-15T06:12:18.000+0000,False
EVT_b8980aa87593483e,46.89.168.11.3969653694250819,CB1BAD99-10B5-49F3-8DD4-A06BE4E126EB,~753608504712983352,7,2024-01-15T06:12:18.000+0000,False
EVT_79b452cf12424a9d,46.89.168.11.3969653694250819,CB1BAD99-10B5-49F3-8DD4-A06BE4E126EB,~926275785385270041,8,2024-01-15T06:12:18.000+0000,False
EVT_61ff290c3b8f4405,46.89.168.11.3969653694250819,CB1BAD99-10B5-49F3-8DD4-A06BE4E126EB,~880963109817413971,9,2024-01-15T06:12:18.000+0000,False
EVT_f08474ddb861482a,75.120.235.84.9719996549726992,95D6DAE1-EFD3-4F8D-8548-D80BFE3E767E,~253620329726030318,21,2024-01-15T17:44:24.000+0000,False
EVT_b100860fcc88438e,75.120.235.84.9719996549726992,95D6DAE1-EFD3-4F8D-8548-D80BFE3E767E,~880963109817413971,22,2024-01-15T17:44:24.000+0000,False
EVT_feae1390ad494b74,75.120.235.84.9719996549726992,95D6DAE1-EFD3-4F8D-8548-D80BFE3E767E,~345100575194069253,23,2024-01-15T17:44:24.000+0000,False
EVT_d22f9e2087754581,75.120.235.84.9719996549726992,95D6DAE1-EFD3-4F8D-8548-D80BFE3E767E,~819330391008835362,24,2024-01-15T17:44:24.000+0000,False
EVT_da2424dcb3fc4f43,75.120.235.84.9719996549726992,95D6DAE1-EFD3-4F8D-8548-D80BFE3E767E,~464759857793003888,25,2024-01-15T17:44:24.000+0000,False
EVT_02a7d2d8afee4224,75.120.235.84.9719996549726992,95D6DAE1-EFD3-4F8D-8548-D80BFE3E767E,~753608504712983352,26,2024-01-15T17:44:24.000+0000,False
EVT_0c24c5e159214921,75.120.235.84.9719996549726992,95D6DAE1-EFD3-4F8D-8548-D80BFE3E767E,~778387278128331331,27,2024-01-15T17:44:24.000+0000,False
EVT_771eb379d0b14e8c,75.120.235.84.9719996549726992,95D6DAE1-EFD3-4F8D-8548-D80BFE3E767E,~926275785385270041,28,2024-01-15T17:44:24.000+0000,False
EVT_1d5c427bbc794b14,98.178.112.10.5518516531252438,47D889F6-EDF2-435C-9E3D-DB92E340E3F8,~697968477332656152,91,2024-01-15T00:50:21.000+0000,False
EVT_8264459e623043d1,98.178.112.10.5518516531252438,47D889F6-EDF2-435C-9E3D-DB92E340E3F8,~926275785385270041,92,2024-01-15T00:50:21.000+0000,False
EVT_b2f899b558f14500,98.178.112.10.5518516531252438,47D889F6-EDF2-435C-9E3D-DB92E340E3F8,~880963109817413971,93,2024-01-15T00:50:21.000+0000,False
EVT_4694438cf24c45ec,98.178.112.10.5518516531252438,47D889F6-EDF2-435C-9E3D-DB92E340E3F8,~932669438950018402,94,2024-01-15T00:50:21.000+0000,False
EVT_861b3f1fa9434e83,98.178.112.10.5518516531252438,47D889F6-EDF2-435C-9E3D-DB92E340E3F8,~907607906474056157,95,2024-01-15T00:50:21.000+0000,False
EVT_adc1dd3748e34611,98.178.112.10.5518516531252438,47D889F6-EDF2-435C-9E3D-DB92E340E3F8,~193174997044464337,96,2024-01-15T00:50:21.000+0000,False
EVT_ebf25742626a43c4,98.178.112.10.5518516531252438,47D889F6-EDF2-435C-9E3D-DB92E340E3F8,~329971088208109483,97,2024-01-15T00:50:21.000+0000,False
EVT_a2769c8a9e41490f,98.178.112.10.5518516531252438,47D889F6-EDF2-435C-9E3D-DB92E340E3F8,~253620329726030318,98,2024-01-15T00:50:21.000+0000,False
EVT_d43f681b02e24344,98.178.112.10.5518516531252438,47D889F6-EDF2-435C-9E3D-DB92E340E3F8,~464759857793003888,99,2024-01-15T00:50:21.000+0000,False
EVT_3bc738868cba4454,114.41.34.40.3665895407587144,6A840713-2B06-4B60-A40F-064C3EC0BF86,~926275785385270041,31,2024-01-15T13:03:27.000+0000,False
EVT_4e29a4c1369d4e01,114.41.34.40.3665895407587144,6A840713-2B06-4B60-A40F-064C3EC0BF86,~306374057583245916,32,2024-01-15T13:03:27.000+0000,False
EVT_615729a018c84d44,114.41.34.40.3665895407587144,6A840713-2B06-4B60-A40F-064C3EC0BF86,~517970305268049820,33,2024-01-15T13:03:27.000+0000,False
EVT_7fd3a7d9cf2a47fc,114.41.34.40.3665895407587144,6A840713-2B06-4B60-A40F-064C3EC0BF86,~791106233590490366,34,2024-01-15T13:03:27.000+0000,False
EVT_b660cb7431d44e39,114.41.34.40.3665895407587144,6A840713-2B06-4B60-A40F-064C3EC0BF86,~819330391008835362,35,2024-01-15T13:03:27.000+0000,False
EVT_684260d382b14799,114.41.34.40.3665895407587144,6A840713-2B06-4B60-A40F-064C3EC0BF86,~711985265972524932,36,2024-01-15T13:03:27.000+0000,False
EVT_3aa2707a5b8845d9,53.212.173.76.4753413397189074,1F4BE436-C01E-47E7-B7DF-F218C459581B,~365474849911471421,1,2024-01-15T07:08:19.000+0000,False
EVT_118cd5e089bf4114,53.212.173.76.4753413397189074,1F4BE436-C01E-47E7-B7DF-F218C459581B,~633457300363584877,2,2024-01-15T07:08:19.000+0000,False
EVT_eda24cd52c6b482d,53.212.173.76.4753413397189074,1F4BE436-C01E-47E7-B7DF-F218C459581B,~778387278128331331,3,2024-01-15T07:08:19.000+0000,False
EVT_218e8423957a41c6,53.212.173.76.4753413397189074,1F4BE436-C01E-47E7-B7DF-F218C459581B,~940515544603651759,4,2024-01-15T07:08:19.000+0000,False
EVT_6632eecaecbb448b,53.212.173.76.4753413397189074,1F4BE436-C01E-47E7-B7DF-F218C459581B,~195652715593206219,5,2024-01-15T07:08:19.000+0000,False
EVT_894e56cd34f64b1f,53.212.173.76.4753413397189074,1F4BE436-C01E-47E7-B7DF-F218C459581B,~345100575194069253,6,2024-01-15T07:08:19.000+0000,False
EVT_363165e26a7a4f3b,53.212.173.76.4753413397189074,1F4BE436-C01E-47E7-B7DF-F218C459581B,~149173799560693904,7,2024-01-15T07:08:19.000+0000,False
EVT_258c814057c84a04,53.212.173.76.4753413397189074,1F4BE436-C01E-47E7-B7DF-F218C459581B,~880963109817413971,8,2024-01-15T07:08:19.000+0000,False
EVT_49e0c3bf1f6a4728,53.212.173.76.4753413397189074,1F4BE436-C01E-47E7-B7DF-F218C459581B,~199818191433716728,9,2024-01-15T07:08:19.000+0000,False
EVT_6880b42edc2740b1,60.98.11.180.7254036549647255,7D9FCF28-6284-4898-B558-33B9224A66A5,~517970305268049820,11,2024-01-15T13:37:08.000+0000,False
EVT_35e99b3e16124dd6,60.98.11.180.7254036549647255,7D9FCF28-6284-4898-B558-33B9224A66A5,~306374057583245916,12,2024-01-15T13:37:08.000+0000,False
EVT_674a2b7a7e6b444d,60.98.11.180.7254036549647255,7D9FCF28-6284-4898-B558-33B9224A66A5,~199818191433716728,13,2024-01-15T13:37:08.000+0000,False
EVT_7b7053f64cdc4419,60.98.11.180.7254036549647255,7D9FCF28-6284-4898-B558-33B9224A66A5,~907607906474056157,14,2024-01-15T13:37:08.000+0000,False
EVT_f4ebb61c746a492f,60.98.11.180.7254036549647255,7D9FCF28-6284-4898-B558-33B9224A66A5,~753608504712983352,15,2024-01-15T13:37:08.000+0000,False
EVT_fc300d13166e431f,60.98.11.180.7254036549647255,7D9FCF28-6284-4898-B558-33B9224A66A5,~365474849911471421,16,2024-01-15T13:37:08.000+0000,False
EVT_54adae9444d94c7a,60.98.11.180.7254036549647255,7D9FCF28-6284-4898-B558-33B9224A66A5,~590229130566262526,17,2024-01-15T13:37:08.000+0000,False
EVT_786f21722dc24005,146.61.10.143.9555958439458102,4417E943-6550-4A5D-9427-6391A2C0282F,~345100575194069253,71,2024-01-15T07:52:05.000+0000,False
EVT_85c1e4b2f655451c,146.61.10.143.9555958439458102,4417E943-6550-4A5D-9427-6391A2C0282F,~328370574705313521,72,2024-01-15T07:52:05.000+0000,False
EVT_91e879a1d7d34028,146.61.10.143.9555958439458102,4417E943-6550-4A5D-9427-6391A2C0282F,~926275785385270041,73,2024-01-15T07:52:05.000+0000,False
EVT_7a8d5a8b67dc4b90,146.61.10.143.9555958439458102,4417E943-6550-4A5D-9427-6391A2C0282F,~880963109817413971,74,2024-01-15T07:52:05.000+0000,False
EVT_b4887a95c2604a96,146.61.10.143.9555958439458102,4417E943-6550-4A5D-9427-6391A2C0282F,~329971088208109483,75,2024-01-15T07:52:05.000+0000,False
EVT_0b54e6d6968e4d5e,146.61.10.143.9555958439458102,4417E943-6550-4A5D-9427-6391A2C0282F,~743274789430450381,76,2024-01-15T07:52:05.000+0000,False
EVT_4a2fb06ce3dd4536,146.61.10.143.9555958439458102,4417E943-6550-4A5D-9427-6391A2C0282F,~940515544603651759,77,2024-01-15T07:52:05.000+0000,False
EVT_4f2785b51bad450b,146.61.10.143.9555958439458102,4417E943-6550-4A5D-9427-6391A2C0282F,~632054008047310927,78,2024-01-15T07:52:05.000+0000,False
EVT_00a02512f6224920,146.61.10.143.9555958439458102,4417E943-6550-4A5D-9427-6391A2C0282F,~199818191433716728,79,2024-01-15T07:52:05.000+0000,False
EVT_21c990a73a1446b3,180.192.122.59.4034048133606968,BD7507C3-36C3-4406-913B-388D57A40C9C,~778387278128331331,71,2024-01-15T00:43:15.000+0000,False
EVT_4107bdc93c024680,180.192.122.59.4034048133606968,BD7507C3-36C3-4406-913B-388D57A40C9C,~932669438950018402,72,2024-01-15T00:43:15.000+0000,False
EVT_70b859ed02174dee,180.192.122.59.4034048133606968,BD7507C3-36C3-4406-913B-388D57A40C9C,~365474849911471421,73,2024-01-15T00:43:15.000+0000,False
EVT_c521258cdd20411d,180.192.122.59.4034048133606968,BD7507C3-36C3-4406-913B-388D57A40C9C,~880963109817413971,74,2024-01-15T00:43:15.000+0000,False
EVT_c2886e21437142f6,180.192.122.59.4034048133606968,BD7507C3-36C3-4406-913B-388D57A40C9C,~753608504712983352,75,2024-01-15T00:43:15.000+0000,False
EVT_7c84f58249334ee4,180.192.122.59.4034048133606968,BD7507C3-36C3-4406-913B-388D57A40C9C,~791106233590490366,76,2024-01-15T00:43:15.000+0000,False
EVT_fa1c031f0e484b3d,180.192.122.59.4034048133606968,BD7507C3-36C3-4406-913B-388D57A40C9C,~711985265972524932,77,2024-01-15T00:43:15.000+0000,False
EVT_84e0aa80e1ab4b76,180.192.122.59.4034048133606968,BD7507C3-36C3-4406-913B-388D57A40C9C,~306374057583245916,78,2024-01-15T00:43:15.000+0000,False
EVT_d3d3d36caaaf4f1f,180.192.122.59.4034048133606968,BD7507C3-36C3-4406-913B-388D57A40C9C,~517970305268049820,79,2024-01-15T00:43:15.000+0000,False
EVT_f1bb593e66d9491f,180.192.122.59.4034048133606968,BD7507C3-36C3-4406-913B-388D57A40C9C,~195652715593206219,80,2024-01-15T00:43:15.000+0000,False
EVT_4503e0a009aa45b9,60.98.11.180.7254036549647255,60F2C0BE-4D9F-42B2-AE54-C5F3D5F64309,~926275785385270041,1,2024-01-15T02:34:08.000+0000,False
EVT_e9b489ff9c334766,60.98.11.180.7254036549647255,60F2C0BE-4D9F-42B2-AE54-C5F3D5F64309,~697968477332656152,2,2024-01-15T02:34:08.000+0000,False
EVT_039998221ef94130,60.98.11.180.7254036549647255,60F2C0BE-4D9F-42B2-AE54-C5F3D5F64309,~201229071073273427,3,2024-01-15T02:34:08.000+0000,False
EVT_25ef2707d7934a51,60.98.11.180.7254036549647255,60F2C0BE-4D9F-42B2-AE54-C5F3D5F64309,~345100575194069253,4,2024-01-15T02:34:08.000+0000,False
EVT_89c0ec29e2714a17,60.98.11.180.7254036549647255,60F2C0BE-4D9F-42B2-AE54-C5F3D5F64309,~306374057583245916,5,2024-01-15T02:34:08.000+0000,False
EVT_3f1b3553e1b74193,60.98.11.180.7254036549647255,60F2C0BE-4D9F-42B2-AE54-C5F3D5F64309,~538977901705763689,6,2024-01-15T02:34:08.000+0000,False
EVT_0e1396f12a1c4116,60.98.11.180.7254036549647255,60F2C0BE-4D9F-42B2-AE54-C5F3D5F64309,~711985265972524932,7,2024-01-15T02:34:08.000+0000,False
EVT_11c594321b224333,60.98.11.180.7254036549647255,60F2C0BE-4D9F-42B2-AE54-C5F3D5F64309,~907607906474056157,8,2024-01-15T02:34:08.000+0000,False
EVT_242c2c88d5a84c4f,123.248.62.77.8669199898066131,569B065E-0AAA-411F-8A31-4530C26DA489,~778387278128331331,21,2024-01-15T02:10:19.000+0000,False
EVT_9c4c60e3c3594df6,123.248.62.77.8669199898066131,569B065E-0AAA-411F-8A31-4530C26DA489,~201229071073273427,22,2024-01-15T02:10:19.000+0000,False
EVT_be38994209e843c1,123.248.62.77.8669199898066131,569B065E-0AAA-411F-8A31-4530C26DA489,~193174997044464337,23,2024-01-15T02:10:19.000+0000,False
EVT_7f0c39148aea44a9,123.248.62.77.8669199898066131,569B065E-0AAA-411F-8A31-4530C26DA489,~743274789430450381,24,2024-01-15T02:10:19.000+0000,False
EVT_c0038ede5e404f17,123.248.62.77.8669199898066131,569B065E-0AAA-411F-8A31-4530C26DA489,~464759857793003888,25,2024-01-15T02:10:19.000+0000,False
EVT_f238d7c3efe14aef,123.248.62.77.8669199898066131,569B065E-0AAA-411F-8A31-4530C26DA489,~932669438950018402,26,2024-01-15T02:10:19.000+0000,False
EVT_f138c30cb9204fd6,123.248.62.77.8669199898066131,569B065E-0AAA-411F-8A31-4530C26DA489,~149173799560693904,27,2024-01-15T02:10:19.000+0000,False
EVT_7127958eb6e64e8b,168.206.171.222.6457807207416907,84D54F25-EB9E-4CF7-88F1-4D62F6A64D1D,~778387278128331331,1,2024-01-15T06:39:09.000+0000,False
EVT_4aabcd5cd4e54941,168.206.171.222.6457807207416907,84D54F25-EB9E-4CF7-88F1-4D62F6A64D1D,~328370574705313521,2,2024-01-15T06:39:09.000+0000,False
EVT_dc15dcc6bdaf4271,168.206.171.222.6457807207416907,84D54F25-EB9E-4CF7-88F1-4D62F6A64D1D,~517970305268049820,3,2024-01-15T06:39:09.000+0000,False
EVT_0643fc18db8a4e8d,168.206.171.222.6457807207416907,84D54F25-EB9E-4CF7-88F1-4D62F6A64D1D,~743274789430450381,4,2024-01-15T06:39:09.000+0000,False
EVT_560f50526507422b,168.206.171.222.6457807207416907,84D54F25-EB9E-4CF7-88F1-4D62F6A64D1D,~199818191433716728,5,2024-01-15T06:39:09.000+0000,False
EVT_0770a946d0804ad6,168.206.171.222.6457807207416907,84D54F25-EB9E-4CF7-88F1-4D62F6A64D1D,~538977901705763689,6,2024-01-15T06:39:09.000+0000,False
EVT_042c096edecd44c5,168.206.171.222.6457807207416907,84D54F25-EB9E-4CF7-88F1-4D62F6A64D1D,~329971088208109483,7,2024-01-15T06:39:09.000+0000,False
EVT_9a7370705ba84dbd,168.206.171.222.6457807207416907,84D54F25-EB9E-4CF7-88F1-4D62F6A64D1D,~195652715593206219,8,2024-01-15T06:39:09.000+0000,False
EVT_5b6c8504f40d4083,168.206.171.222.6457807207416907,84D54F25-EB9E-4CF7-88F1-4D62F6A64D1D,~193174997044464337,9,2024-01-15T06:39:09.000+0000,False
EVT_448c4293652a47f7,75.120.235.84.9719996549726992,1C318462-5337-485F-B4E4-CD901B757976,~932669438950018402,31,2024-01-15T00:57:03.000+0000,False
EVT_828b0795711347f1,75.120.235.84.9719996549726992,1C318462-5337-485F-B4E4-CD901B757976,~880963109817413971,32,2024-01-15T00:57:03.000+0000,False
EVT_8413f8a9551a4356,75.120.235.84.9719996549726992,1C318462-5337-485F-B4E4-CD901B757976,~517970305268049820,33,2024-01-15T00:57:03.000+0000,False
EVT_1192e6b5b4144916,75.120.235.84.9719996549726992,1C318462-5337-485F-B4E4-CD901B757976,~778387278128331331,34,2024-01-15T00:57:03.000+0000,False
EVT_2912a5612150445a,75.120.235.84.9719996549726992,1C318462-5337-485F-B4E4-CD901B757976,~697968477332656152,35,2024-01-15T00:57:03.000+0000,False
EVT_d69fa8ae9e3a47ea,75.120.235.84.9719996549726992,1C318462-5337-485F-B4E4-CD901B757976,~464759857793003888,36,2024-01-15T00:57:03.000+0000,False
EVT_04eca89739844713,75.120.235.84.9719996549726992,1C318462-5337-485F-B4E4-CD901B757976,~743274789430450381,37,2024-01-15T00:57:03.000+0000,False
EVT_e5b4465ffad0461e,75.120.235.84.9719996549726992,1C318462-5337-485F-B4E4-CD901B757976,~940515544603651759,38,2024-01-15T00:57:03.000+0000,False
EVT_fd481b386764478c,83.61.199.15.1947121891165237,E432A0C1-D4A6-4800-8707-134022AC56B6,~791106233590490366,1,2024-01-15T09:49:30.000+0000,False
EVT_0f0db9dec6d248c5,83.61.199.15.1947121891165237,E432A0C1-D4A6-4800-8707-134022AC56B6,~697968477332656152,2,2024-01-15T09:49:30.000+0000,False
EVT_061ccff2000846ea,83.61.199.15.1947121891165237,E432A0C1-D4A6-4800-8707-134022AC56B6,~517970305268049820,3,2024-01-15T09:49:30.000+0000,False
EVT_4fd97b79a428470e,83.61.199.15.1947121891165237,E432A0C1-D4A6-4800-8707-134022AC56B6,~743274789430450381,4,2024-01-15T09:49:30.000+0000,False
EVT_153b834dc77f4dc2,83.61.199.15.1947121891165237,E432A0C1-D4A6-4800-8707-134022AC56B6,~633457300363584877,5,2024-01-15T09:49:30.000+0000,False
EVT_6da3c491548e4d98,83.61.199.15.1947121891165237,E432A0C1-D4A6-4800-8707-134022AC56B6,~306374057583245916,6,2024-01-15T09:49:30.000+0000,False
EVT_e552cd190b114777,83.61.199.15.1947121891165237,E432A0C1-D4A6-4800-8707-134022AC56B6,~940515544603651759,7,2024-01-15T09:49:30.000+0000,False
EVT_36327448f6e44126,83.61.199.15.1947121891165237,E432A0C1-D4A6-4800-8707-134022AC56B6,~193174997044464337,8,2024-01-15T09:49:30.000+0000,False
EVT_178dadf2d0624620,178.221.166.50.4413353456481963,C75C3A8E-F34A-41E6-8FC4-D266F701D40A,~306374057583245916,1,2024-01-15T02:58:16.000+0000,False
EVT_13d5ed0f105241e9,178.221.166.50.4413353456481963,C75C3A8E-F34A-41E6-8FC4-D266F701D40A,~926275785385270041,2,2024-01-15T02:58:16.000+0000,False
EVT_4b48fd60cb9e4425,178.221.166.50.4413353456481963,C75C3A8E-F34A-41E6-8FC4-D266F701D40A,~328370574705313521,3,2024-01-15T02:58:16.000+0000,False
EVT_f931d8f61fca4407,178.221.166.50.4413353456481963,C75C3A8E-F34A-41E6-8FC4-D266F701D40A,~697968477332656152,4,2024-01-15T02:58:16.000+0000,False
EVT_3248562e5da44bb1,178.221.166.50.4413353456481963,C75C3A8E-F34A-41E6-8FC4-D266F701D40A,~743274789430450381,5,2024-01-15T02:58:16.000+0000,False
EVT_3b3fcba282fe460e,178.221.166.50.4413353456481963,C75C3A8E-F34A-41E6-8FC4-D266F701D40A,~778387278128331331,6,2024-01-15T02:58:16.000+0000,False
EVT_975952dfdaf545c0,178.221.166.50.4413353456481963,C75C3A8E-F34A-41E6-8FC4-D266F701D40A,~791106233590490366,7,2024-01-15T02:58:16.000+0000,False
EVT_f536639c61be4d74,178.221.166.50.4413353456481963,C75C3A8E-F34A-41E6-8FC4-D266F701D40A,~711985265972524932,8,2024-01-15T02:58:16.000+0000,False
EVT_0eaad48215fc4229,178.221.166.50.4413353456481963,C75C3A8E-F34A-41E6-8FC4-D266F701D40A,~880963109817413971,9,2024-01-15T02:58:16.000+0000,False
EVT_399ac40defb34449,182.201.52.140.8257931165554636,177D94B0-4682-4375-9065-1C2CDDDD5C24,~253620329726030318,31,2024-01-15T21:17:05.000+0000,False
EVT_2739906d1f474985,182.201.52.140.8257931165554636,177D94B0-4682-4375-9065-1C2CDDDD5C24,~306374057583245916,32,2024-01-15T21:17:05.000+0000,False
EVT_a90ff1eb84a64a01,182.201.52.140.8257931165554636,177D94B0-4682-4375-9065-1C2CDDDD5C24,~753608504712983352,33,2024-01-15T21:17:05.000+0000,False
EVT_05ab0db490d64fdf,182.201.52.140.8257931165554636,177D94B0-4682-4375-9065-1C2CDDDD5C24,~633457300363584877,34,2024-01-15T21:17:05.000+0000,False
EVT_fe7a1c908a9b4c99,182.201.52.140.8257931165554636,177D94B0-4682-4375-9065-1C2CDDDD5C24,~632054008047310927,35,2024-01-15T21:17:05.000+0000,False
EVT_2e21873810774a55,182.201.52.140.8257931165554636,177D94B0-4682-4375-9065-1C2CDDDD5C24,~149173799560693904,36,2024-01-15T21:17:05.000+0000,False
EVT_e590c17086bc4793,182.201.52.140.8257931165554636,177D94B0-4682-4375-9065-1C2CDDDD5C24,~880963109817413971,37,2024-01-15T21:17:05.000+0000,False
EVT_6abe9f449c954c42,24.173.64.123.5913164520032732,D65D1245-C6A6-4A06-AF2D-A3030E846773,~203574195218389338,21,2024-01-15T00:43:09.000+0000,False
EVT_a795502edf384288,24.173.64.123.5913164520032732,D65D1245-C6A6-4A06-AF2D-A3030E846773,~328370574705313521,22,2024-01-15T00:43:09.000+0000,False
EVT_c6c695a01c964981,24.173.64.123.5913164520032732,D65D1245-C6A6-4A06-AF2D-A3030E846773,~743274789430450381,23,2024-01-15T00:43:09.000+0000,False
EVT_9cdaa49e9c7f4a71,24.173.64.123.5913164520032732,D65D1245-C6A6-4A06-AF2D-A3030E846773,~199818191433716728,24,2024-01-15T00:43:09.000+0000,False
EVT_7c5822701ba64e4b,24.173.64.123.5913164520032732,D65D1245-C6A6-4A06-AF2D-A3030E846773,~201229071073273427,25,2024-01-15T00:43:09.000+0000,False
EVT_06c99513e6974d4e,24.173.64.123.5913164520032732,D65D1245-C6A6-4A06-AF2D-A3030E846773,~193174997044464337,26,2024-01-15T00:43:09.000+0000,False
EVT_677b4a9fafe24d4d,89.37.233.186.3827654944355096,7A2B7C54-DDFD-4954-A0D5-E17FEDD3EEF5,~926275785385270041,71,2024-01-15T01:47:22.000+0000,False
EVT_a4ed1e89c50f49fd,89.37.233.186.3827654944355096,7A2B7C54-DDFD-4954-A0D5-E17FEDD3EEF5,~697968477332656152,72,2024-01-15T01:47:22.000+0000,False
EVT_9c1e5cec924840e4,89.37.233.186.3827654944355096,7A2B7C54-DDFD-4954-A0D5-E17FEDD3EEF5,~328370574705313521,73,2024-01-15T01:47:22.000+0000,False
EVT_883c195ac6894bdc,89.37.233.186.3827654944355096,7A2B7C54-DDFD-4954-A0D5-E17FEDD3EEF5,~819330391008835362,74,2024-01-15T01:47:22.000+0000,False
EVT_9296dfcd01254dfe,89.37.233.186.3827654944355096,7A2B7C54-DDFD-4954-A0D5-E17FEDD3EEF5,~253620329726030318,75,2024-01-15T01:47:22.000+0000,False
EVT_ac3a7112afd94ad7,89.37.233.186.3827654944355096,7A2B7C54-DDFD-4954-A0D5-E17FEDD3EEF5,~753608504712983352,76,2024-01-15T01:47:22.000+0000,False
EVT_cda8f40d8d3d46bb,89.37.233.186.3827654944355096,7A2B7C54-DDFD-4954-A0D5-E17FEDD3EEF5,~306374057583245916,77,2024-01-15T01:47:22.000+0000,False
EVT_e6df7cab5c9b43b8,89.37.233.186.3827654944355096,7A2B7C54-DDFD-4954-A0D5-E17FEDD3EEF5,~201229071073273427,78,2024-01-15T01:47:22.000+0000,False
EVT_ce3f2e31dc6f499c,75.120.235.84.9719996549726992,1E45E04B-4DE9-42C9-B40D-2B7E45D1A662,~517970305268049820,21,2024-01-15T00:17:11.000+0000,False
EVT_ed30dd2c3f244ef9,75.120.235.84.9719996549726992,1E45E04B-4DE9-42C9-B40D-2B7E45D1A662,~149173799560693904,22,2024-01-15T00:17:11.000+0000,False
EVT_50eb16660c1e4aa8,75.120.235.84.9719996549726992,1E45E04B-4DE9-42C9-B40D-2B7E45D1A662,~199818191433716728,23,2024-01-15T00:17:11.000+0000,False
EVT_54676b0ee0204712,75.120.235.84.9719996549726992,1E45E04B-4DE9-42C9-B40D-2B7E45D1A662,~345100575194069253,24,2024-01-15T00:17:11.000+0000,False
EVT_7d7e96954c9443f7,75.120.235.84.9719996549726992,1E45E04B-4DE9-42C9-B40D-2B7E45D1A662,~753608504712983352,25,2024-01-15T00:17:11.000+0000,False
EVT_f73acd2e9d154d7f,182.201.52.140.8257931165554636,D7EADA99-6630-4FE4-88D4-CD6B7E077A8E,~365474849911471421,61,2024-01-15T12:01:13.000+0000,False
EVT_b61fa15c1b39461e,182.201.52.140.8257931165554636,D7EADA99-6630-4FE4-88D4-CD6B7E077A8E,~932669438950018402,62,2024-01-15T12:01:13.000+0000,False
EVT_4484e701b1e34b23,182.201.52.140.8257931165554636,D7EADA99-6630-4FE4-88D4-CD6B7E077A8E,~926275785385270041,63,2024-01-15T12:01:13.000+0000,False
EVT_316330d7331f4c39,182.201.52.140.8257931165554636,D7EADA99-6630-4FE4-88D4-CD6B7E077A8E,~149173799560693904,64,2024-01-15T12:01:13.000+0000,False
EVT_60bd980590d94e67,182.201.52.140.8257931165554636,D7EADA99-6630-4FE4-88D4-CD6B7E077A8E,~940515544603651759,65,2024-01-15T12:01:13.000+0000,False
EVT_64e62fcc672d4303,182.201.52.140.8257931165554636,D7EADA99-6630-4FE4-88D4-CD6B7E077A8E,~880963109817413971,66,2024-01-15T12:01:13.000+0000,False
EVT_7f350675c98b432c,182.201.52.140.8257931165554636,D7EADA99-6630-4FE4-88D4-CD6B7E077A8E,~199818191433716728,67,2024-01-15T12:01:13.000+0000,False
EVT_5a224df254d546a6,182.201.52.140.8257931165554636,D7EADA99-6630-4FE4-88D4-CD6B7E077A8E,~253620329726030318,68,2024-01-15T12:01:13.000+0000,False
EVT_06c1215852444ebc,182.201.52.140.8257931165554636,D7EADA99-6630-4FE4-88D4-CD6B7E077A8E,~791106233590490366,69,2024-01-15T12:01:13.000+0000,False
EVT_8e2707fb45c242c4,182.201.52.140.8257931165554636,D7EADA99-6630-4FE4-88D4-CD6B7E077A8E,~195652715593206219,70,2024-01-15T12:01:13.000+0000,False
EVT_77b9155ff3f14437,44.143.113.61.8090612618948995,D0FB6378-D981-44F0-AC04-271D0B04B51D,~365474849911471421,41,2024-01-15T17:48:04.000+0000,False
EVT_f8631ce4ef9d439a,44.143.113.61.8090612618948995,D0FB6378-D981-44F0-AC04-271D0B04B51D,~907607906474056157,42,2024-01-15T17:48:04.000+0000,False
EVT_c83a00c32f84482b,44.143.113.61.8090612618948995,D0FB6378-D981-44F0-AC04-271D0B04B51D,~464759857793003888,43,2024-01-15T17:48:04.000+0000,False
EVT_e7ca348403cb494a,44.143.113.61.8090612618948995,D0FB6378-D981-44F0-AC04-271D0B04B51D,~791106233590490366,44,2024-01-15T17:48:04.000+0000,False
EVT_575c7a6f6f64427b,44.143.113.61.8090612618948995,D0FB6378-D981-44F0-AC04-271D0B04B51D,~819330391008835362,45,2024-01-15T17:48:04.000+0000,False
EVT_89dd1b65d6df494f,44.143.113.61.8090612618948995,D0FB6378-D981-44F0-AC04-271D0B04B51D,~253620329726030318,46,2024-01-15T17:48:04.000+0000,False
EVT_2a50adbbdba04af2,44.143.113.61.8090612618948995,D0FB6378-D981-44F0-AC04-271D0B04B51D,~195652715593206219,47,2024-01-15T17:48:04.000+0000,False
EVT_a5c34292c92e425b,44.143.113.61.8090612618948995,D0FB6378-D981-44F0-AC04-271D0B04B51D,~633457300363584877,48,2024-01-15T17:48:04.000+0000,False
EVT_2c7c8194e65f48a4,44.143.113.61.8090612618948995,D0FB6378-D981-44F0-AC04-271D0B04B51D,~880963109817413971,49,2024-01-15T17:48:04.000+0000,False
EVT_b872811ad8084249,44.143.113.61.8090612618948995,D0FB6378-D981-44F0-AC04-271D0B04B51D,~345100575194069253,50,2024-01-15T17:48:04.000+0000,False
EVT_ca5c85927b744da1,73.108.85.122.9638732943144612,3C8423AD-74E4-436B-8AE7-98989D0168A8,~743274789430450381,11,2024-01-15T11:07:17.000+0000,False
EVT_1fa45c4d0cf94271,73.108.85.122.9638732943144612,3C8423AD-74E4-436B-8AE7-98989D0168A8,~199818191433716728,12,2024-01-15T11:07:17.000+0000,False
EVT_0d6879f473bf4d9a,73.108.85.122.9638732943144612,3C8423AD-74E4-436B-8AE7-98989D0168A8,~193174997044464337,13,2024-01-15T11:07:17.000+0000,False
EVT_e479b86fd21a406a,73.108.85.122.9638732943144612,3C8423AD-74E4-436B-8AE7-98989D0168A8,~932669438950018402,14,2024-01-15T11:07:17.000+0000,False
EVT_99d652a5c4a84eba,73.108.85.122.9638732943144612,3C8423AD-74E4-436B-8AE7-98989D0168A8,~464759857793003888,15,2024-01-15T11:07:17.000+0000,False
EVT_f5be21e0fe3d4617,73.108.85.122.9638732943144612,3C8423AD-74E4-436B-8AE7-98989D0168A8,~253620329726030318,16,2024-01-15T11:07:17.000+0000,False
EVT_87af52727178461d,89.228.177.67.7484883732092691,3A3C259E-A17C-4AB2-870B-3089739DD777,~940515544603651759,11,2024-01-15T20:31:01.000+0000,False
EVT_64002256cb284efd,89.228.177.67.7484883732092691,3A3C259E-A17C-4AB2-870B-3089739DD777,~932669438950018402,12,2024-01-15T20:31:01.000+0000,False
EVT_047ad0b6f3c54f32,89.228.177.67.7484883732092691,3A3C259E-A17C-4AB2-870B-3089739DD777,~201229071073273427,13,2024-01-15T20:31:01.000+0000,False
EVT_d77ca81588964247,89.228.177.67.7484883732092691,3A3C259E-A17C-4AB2-870B-3089739DD777,~149173799560693904,14,2024-01-15T20:31:01.000+0000,False
EVT_140cff411da447e8,89.228.177.67.7484883732092691,3A3C259E-A17C-4AB2-870B-3089739DD777,~195652715593206219,15,2024-01-15T20:31:01.000+0000,False
EVT_f011e144f1974a4f,89.228.177.67.7484883732092691,3A3C259E-A17C-4AB2-870B-3089739DD777,~926275785385270041,16,2024-01-15T20:31:01.000+0000,False
EVT_d562bb6fc1e645e6,89.228.177.67.7484883732092691,3A3C259E-A17C-4AB2-870B-3089739DD777,~203574195218389338,17,2024-01-15T20:31:01.000+0000,False
EVT_6f2aeaaa9b3643a3,89.228.177.67.7484883732092691,3A3C259E-A17C-4AB2-870B-3089739DD777,~306374057583245916,18,2024-01-15T20:31:01.000+0000,False
EVT_95243685a9f147cb,89.228.177.67.7484883732092691,3A3C259E-A17C-4AB2-870B-3089739DD777,~697968477332656152,19,2024-01-15T20:31:01.000+0000,False
EVT_0d75471b19c34007,89.228.177.67.7484883732092691,3A3C259E-A17C-4AB2-870B-3089739DD777,~253620329726030318,20,2024-01-15T20:31:01.000+0000,False
EVT_9ec4fdcebcb6468b,75.40.229.220.2674905654954640,0050F8B6-1A0E-4090-B45F-5F7625BE1A63,~753608504712983352,1,2024-01-15T13:05:23.000+0000,False
EVT_1ac75da7d33f4e17,75.40.229.220.2674905654954640,0050F8B6-1A0E-4090-B45F-5F7625BE1A63,~632054008047310927,2,2024-01-15T13:05:23.000+0000,False
EVT_ca6d4615c57e457b,75.40.229.220.2674905654954640,0050F8B6-1A0E-4090-B45F-5F7625BE1A63,~633457300363584877,3,2024-01-15T13:05:23.000+0000,False
EVT_92f69d7a834d427b,75.40.229.220.2674905654954640,0050F8B6-1A0E-4090-B45F-5F7625BE1A63,~711985265972524932,4,2024-01-15T13:05:23.000+0000,False
EVT_d598bf43f78b4bd5,75.40.229.220.2674905654954640,0050F8B6-1A0E-4090-B45F-5F7625BE1A63,~926275785385270041,5,2024-01-15T13:05:23.000+0000,False
EVT_de67a32fd9234488,75.40.229.220.2674905654954640,0050F8B6-1A0E-4090-B45F-5F7625BE1A63,~201229071073273427,6,2024-01-15T13:05:23.000+0000,False
EVT_1e512de34b154c39,75.40.229.220.2674905654954640,0050F8B6-1A0E-4090-B45F-5F7625BE1A63,~743274789430450381,7,2024-01-15T13:05:23.000+0000,False
EVT_132bad415121426c,85.227.59.238.7015160388825155,877A7B7F-59D3-4602-8579-38C32B2C693C,~193174997044464337,31,2024-01-15T11:34:13.000+0000,False
EVT_ff4503f9c2404124,85.227.59.238.7015160388825155,877A7B7F-59D3-4602-8579-38C32B2C693C,~517970305268049820,32,2024-01-15T11:34:13.000+0000,False
EVT_7933c6624df646b5,85.227.59.238.7015160388825155,877A7B7F-59D3-4602-8579-38C32B2C693C,~632054008047310927,33,2024-01-15T11:34:13.000+0000,False
EVT_4c28753cef4f4e0e,85.227.59.238.7015160388825155,877A7B7F-59D3-4602-8579-38C32B2C693C,~253620329726030318,34,2024-01-15T11:34:13.000+0000,False
EVT_834a12a576a54052,85.227.59.238.7015160388825155,877A7B7F-59D3-4602-8579-38C32B2C693C,~538977901705763689,35,2024-01-15T11:34:13.000+0000,False
EVT_d99257df2ef641c0,85.227.59.238.7015160388825155,877A7B7F-59D3-4602-8579-38C32B2C693C,~926275785385270041,36,2024-01-15T11:34:13.000+0000,False
EVT_c1bf8e2d28c649fc,85.227.59.238.7015160388825155,877A7B7F-59D3-4602-8579-38C32B2C693C,~791106233590490366,37,2024-01-15T11:34:13.000+0000,False
EVT_9e018d0459a64846,89.228.177.67.7484883732092691,E45CEF65-F6E7-44CB-87A1-CCB4BC5D9F2E,~926275785385270041,41,2024-01-15T11:34:19.000+0000,False
EVT_7350673a75c24e30,89.228.177.67.7484883732092691,E45CEF65-F6E7-44CB-87A1-CCB4BC5D9F2E,~791106233590490366,42,2024-01-15T11:34:19.000+0000,False
EVT_970ae15d22ca4ca4,89.228.177.67.7484883732092691,E45CEF65-F6E7-44CB-87A1-CCB4BC5D9F2E,~365474849911471421,43,2024-01-15T11:34:19.000+0000,False
EVT_6d67b671344b48a2,89.228.177.67.7484883732092691,E45CEF65-F6E7-44CB-87A1-CCB4BC5D9F2E,~329971088208109483,44,2024-01-15T11:34:19.000+0000,False
EVT_19f74c16116c405b,89.228.177.67.7484883732092691,E45CEF65-F6E7-44CB-87A1-CCB4BC5D9F2E,~517970305268049820,45,2024-01-15T11:34:19.000+0000,False
EVT_1758ec121e434af5,89.228.177.67.7484883732092691,E45CEF65-F6E7-44CB-87A1-CCB4BC5D9F2E,~633457300363584877,46,2024-01-15T11:34:19.000+0000,False
EVT_02b462d1d934451b,22.96.65.106.4033210697775349,86B3AC06-9B33-4763-A5A4-E0CCDDB93371,~791106233590490366,31,2024-01-15T11:04:01.000+0000,False
EVT_930bb3c2b50e438b,22.96.65.106.4033210697775349,86B3AC06-9B33-4763-A5A4-E0CCDDB93371,~926275785385270041,32,2024-01-15T11:04:01.000+0000,False
EVT_0bb799df35d24ea7,22.96.65.106.4033210697775349,86B3AC06-9B33-4763-A5A4-E0CCDDB93371,~633457300363584877,33,2024-01-15T11:04:01.000+0000,False
EVT_5627040125194c71,22.96.65.106.4033210697775349,86B3AC06-9B33-4763-A5A4-E0CCDDB93371,~743274789430450381,34,2024-01-15T11:04:01.000+0000,False
EVT_c8ebf5bb940044f6,22.96.65.106.4033210697775349,86B3AC06-9B33-4763-A5A4-E0CCDDB93371,~517970305268049820,35,2024-01-15T11:04:01.000+0000,False
EVT_32987e4e41ac42df,22.96.65.106.4033210697775349,86B3AC06-9B33-4763-A5A4-E0CCDDB93371,~538977901705763689,36,2024-01-15T11:04:01.000+0000,False
EVT_84505e968748486d,60.98.11.180.7254036549647255,1604BD88-A282-4696-88B5-9698219860E1,~907607906474056157,41,2024-01-15T03:39:11.000+0000,False
EVT_d08eead386424fc7,60.98.11.180.7254036549647255,1604BD88-A282-4696-88B5-9698219860E1,~590229130566262526,42,2024-01-15T03:39:11.000+0000,False
EVT_fe60bb2a674a406a,60.98.11.180.7254036549647255,1604BD88-A282-4696-88B5-9698219860E1,~345100575194069253,43,2024-01-15T03:39:11.000+0000,False
EVT_a463ab227f3f4674,60.98.11.180.7254036549647255,1604BD88-A282-4696-88B5-9698219860E1,~633457300363584877,44,2024-01-15T03:39:11.000+0000,False
EVT_6f06aa8c6e364844,60.98.11.180.7254036549647255,1604BD88-A282-4696-88B5-9698219860E1,~743274789430450381,45,2024-01-15T03:39:11.000+0000,False
EVT_4a72b299e29d4eb8,60.98.11.180.7254036549647255,1604BD88-A282-4696-88B5-9698219860E1,~926275785385270041,46,2024-01-15T03:39:11.000+0000,False
EVT_57e058eb8a0a431e,60.98.11.180.7254036549647255,1604BD88-A282-4696-88B5-9698219860E1,~203574195218389338,47,2024-01-15T03:39:11.000+0000,False
EVT_ca4ee7de755c478c,60.98.11.180.7254036549647255,1604BD88-A282-4696-88B5-9698219860E1,~464759857793003888,48,2024-01-15T03:39:11.000+0000,False
EVT_66c9acca17334e5b,60.98.11.180.7254036549647255,1604BD88-A282-4696-88B5-9698219860E1,~193174997044464337,49,2024-01-15T03:39:11.000+0000,False
EVT_f926a6157fdb456b,24.173.64.123.5913164520032732,78E4E89D-9038-483D-B29E-3B548403A3E5,~778387278128331331,11,2024-01-15T15:04:29.000+0000,False
EVT_33539cac39454359,24.173.64.123.5913164520032732,78E4E89D-9038-483D-B29E-3B548403A3E5,~940515544603651759,12,2024-01-15T15:04:29.000+0000,False
EVT_a5bcc9bacc614413,24.173.64.123.5913164520032732,78E4E89D-9038-483D-B29E-3B548403A3E5,~907607906474056157,13,2024-01-15T15:04:29.000+0000,False
EVT_8c4675ffc6ee4675,24.173.64.123.5913164520032732,78E4E89D-9038-483D-B29E-3B548403A3E5,~195652715593206219,14,2024-01-15T15:04:29.000+0000,False
EVT_3dac0137ae4646b5,24.173.64.123.5913164520032732,78E4E89D-9038-483D-B29E-3B548403A3E5,~926275785385270041,15,2024-01-15T15:04:29.000+0000,False
EVT_318dcde233b34e96,24.173.64.123.5913164520032732,78E4E89D-9038-483D-B29E-3B548403A3E5,~365474849911471421,16,2024-01-15T15:04:29.000+0000,False
EVT_91968115c34a4e5e,24.173.64.123.5913164520032732,78E4E89D-9038-483D-B29E-3B548403A3E5,~880963109817413971,17,2024-01-15T15:04:29.000+0000,False
EVT_13b416330e314a11,24.173.64.123.5913164520032732,78E4E89D-9038-483D-B29E-3B548403A3E5,~149173799560693904,18,2024-01-15T15:04:29.000+0000,False
EVT_b8a378fdd66a4d31,24.173.64.123.5913164520032732,78E4E89D-9038-483D-B29E-3B548403A3E5,~697968477332656152,19,2024-01-15T15:04:29.000+0000,False
EVT_155aa7eff3744e05,24.173.64.123.5913164520032732,78E4E89D-9038-483D-B29E-3B548403A3E5,~932669438950018402,20,2024-01-15T15:04:29.000+0000,False
EVT_b8def007305e435e,83.61.199.15.1947121891165237,41CDC7CA-9F39-454C-B74B-726FD3673E7C,~632054008047310927,21,2024-01-15T11:54:16.000+0000,False
EVT_7f57ffbd3f1b4428,83.61.199.15.1947121891165237,41CDC7CA-9F39-454C-B74B-726FD3673E7C,~819330391008835362,22,2024-01-15T11:54:16.000+0000,False
EVT_729ffe148ae343ce,83.61.199.15.1947121891165237,41CDC7CA-9F39-454C-B74B-726FD3673E7C,~778387278128331331,23,2024-01-15T11:54:16.000+0000,False
EVT_c80c613e6ee04645,83.61.199.15.1947121891165237,41CDC7CA-9F39-454C-B74B-726FD3673E7C,~633457300363584877,24,2024-01-15T11:54:16.000+0000,False
EVT_32fc780338584650,83.61.199.15.1947121891165237,41CDC7CA-9F39-454C-B74B-726FD3673E7C,~590229130566262526,25,2024-01-15T11:54:16.000+0000,False
EVT_9421ba9b5e33479a,83.61.199.15.1947121891165237,41CDC7CA-9F39-454C-B74B-726FD3673E7C,~203574195218389338,26,2024-01-15T11:54:16.000+0000,False
EVT_8bd0e8d2fbd34eac,88.29.158.18.1525231383716459,FC8150B3-9FB6-4C2F-9FC4-DDEC79FD8FA6,~201229071073273427,81,2024-01-15T15:00:17.000+0000,False
EVT_5e40d1af5c9c4145,88.29.158.18.1525231383716459,FC8150B3-9FB6-4C2F-9FC4-DDEC79FD8FA6,~195652715593206219,82,2024-01-15T15:00:17.000+0000,False
EVT_1d11765e990849b1,88.29.158.18.1525231383716459,FC8150B3-9FB6-4C2F-9FC4-DDEC79FD8FA6,~199818191433716728,83,2024-01-15T15:00:17.000+0000,False
EVT_3baac9f9c5ad4f08,88.29.158.18.1525231383716459,FC8150B3-9FB6-4C2F-9FC4-DDEC79FD8FA6,~932669438950018402,84,2024-01-15T15:00:17.000+0000,False
EVT_c7c08509def74f0a,88.29.158.18.1525231383716459,FC8150B3-9FB6-4C2F-9FC4-DDEC79FD8FA6,~711985265972524932,85,2024-01-15T15:00:17.000+0000,False
EVT_33210d9eabf44ed6,88.29.158.18.1525231383716459,FC8150B3-9FB6-4C2F-9FC4-DDEC79FD8FA6,~926275785385270041,86,2024-01-15T15:00:17.000+0000,False
EVT_19bfc2df8ff148a6,88.29.158.18.1525231383716459,FC8150B3-9FB6-4C2F-9FC4-DDEC79FD8FA6,~743274789430450381,87,2024-01-15T15:00:17.000+0000,False
EVT_fbcebaac3a1a4205,88.29.158.18.1525231383716459,FC8150B3-9FB6-4C2F-9FC4-DDEC79FD8FA6,~328370574705313521,88,2024-01-15T15:00:17.000+0000,False
EVT_266e47c763e047ea,88.29.158.18.1525231383716459,FC8150B3-9FB6-4C2F-9FC4-DDEC79FD8FA6,~345100575194069253,89,2024-01-15T15:00:17.000+0000,False
EVT_8018550a12974d8d,88.29.158.18.1525231383716459,FC8150B3-9FB6-4C2F-9FC4-DDEC79FD8FA6,~203574195218389338,90,2024-01-15T15:00:17.000+0000,False
EVT_b8f275d55f8e47b0,65.205.217.192.7409666059744832,467B25D8-C80B-4255-9975-E571AD8AF1B3,~940515544603651759,41,2024-01-15T22:58:19.000+0000,False
EVT_fd8014a43df541db,65.205.217.192.7409666059744832,467B25D8-C80B-4255-9975-E571AD8AF1B3,~819330391008835362,42,2024-01-15T22:58:19.000+0000,False
EVT_1488544a054347f1,65.205.217.192.7409666059744832,467B25D8-C80B-4255-9975-E571AD8AF1B3,~253620329726030318,43,2024-01-15T22:58:19.000+0000,False
EVT_d2fbb6f942204932,65.205.217.192.7409666059744832,467B25D8-C80B-4255-9975-E571AD8AF1B3,~328370574705313521,44,2024-01-15T22:58:19.000+0000,False
EVT_02b9aeb7b42a48a0,65.205.217.192.7409666059744832,467B25D8-C80B-4255-9975-E571AD8AF1B3,~791106233590490366,45,2024-01-15T22:58:19.000+0000,False
EVT_39ff1e77b3d9461c,65.205.217.192.7409666059744832,467B25D8-C80B-4255-9975-E571AD8AF1B3,~193174997044464337,46,2024-01-15T22:58:19.000+0000,False
EVT_2114ef32d26e4a5f,65.205.217.192.7409666059744832,467B25D8-C80B-4255-9975-E571AD8AF1B3,~345100575194069253,47,2024-01-15T22:58:19.000+0000,False
EVT_1bf69bb251cc466b,22.96.65.106.4033210697775349,AE731849-87DC-4BCC-A6A2-8E9BB9A3634E,~253620329726030318,11,2024-01-15T16:51:19.000+0000,False
EVT_89ceb77180da4878,22.96.65.106.4033210697775349,AE731849-87DC-4BCC-A6A2-8E9BB9A3634E,~632054008047310927,12,2024-01-15T16:51:19.000+0000,False
EVT_18335178759849cb,22.96.65.106.4033210697775349,AE731849-87DC-4BCC-A6A2-8E9BB9A3634E,~880963109817413971,13,2024-01-15T16:51:19.000+0000,False
EVT_b85f5fc2fce74352,22.96.65.106.4033210697775349,AE731849-87DC-4BCC-A6A2-8E9BB9A3634E,~328370574705313521,14,2024-01-15T16:51:19.000+0000,False
EVT_f3e8fa52e1b54cc2,22.96.65.106.4033210697775349,AE731849-87DC-4BCC-A6A2-8E9BB9A3634E,~907607906474056157,15,2024-01-15T16:51:19.000+0000,False
EVT_98ae9ca2ae964653,22.96.65.106.4033210697775349,AE731849-87DC-4BCC-A6A2-8E9BB9A3634E,~791106233590490366,16,2024-01-15T16:51:19.000+0000,False
EVT_68c7b9aa22164142,22.96.65.106.4033210697775349,AE731849-87DC-4BCC-A6A2-8E9BB9A3634E,~538977901705763689,17,2024-01-15T16:51:19.000+0000,False
EVT_0c397e2b92e7482f,22.96.65.106.4033210697775349,AE731849-87DC-4BCC-A6A2-8E9BB9A3634E,~195652715593206219,18,2024-01-15T16:51:19.000+0000,False
EVT_77782b150be74463,123.248.62.77.8669199898066131,88B395D4-FF12-411C-B910-3F996574DFC2,~329971088208109483,31,2024-01-15T10:29:08.000+0000,False
EVT_e1e965f81e4b4237,123.248.62.77.8669199898066131,88B395D4-FF12-411C-B910-3F996574DFC2,~306374057583245916,32,2024-01-15T10:29:08.000+0000,False
EVT_c85c43dcb3104d3f,123.248.62.77.8669199898066131,88B395D4-FF12-411C-B910-3F996574DFC2,~753608504712983352,33,2024-01-15T10:29:08.000+0000,False
EVT_13c7b31864d84772,123.248.62.77.8669199898066131,88B395D4-FF12-411C-B910-3F996574DFC2,~907607906474056157,34,2024-01-15T10:29:08.000+0000,False
EVT_645423cf3a8741b9,123.248.62.77.8669199898066131,88B395D4-FF12-411C-B910-3F996574DFC2,~926275785385270041,35,2024-01-15T10:29:08.000+0000,False
EVT_768170d7c6f845c8,89.228.177.67.7484883732092691,9AABF309-7494-4C63-8622-E88170B3E33B,~253620329726030318,91,2024-01-15T18:55:07.000+0000,False
EVT_39ce7b6e8a324d0e,89.228.177.67.7484883732092691,9AABF309-7494-4C63-8622-E88170B3E33B,~632054008047310927,92,2024-01-15T18:55:07.000+0000,False
EVT_554fd0762b864283,89.228.177.67.7484883732092691,9AABF309-7494-4C63-8622-E88170B3E33B,~940515544603651759,93,2024-01-15T18:55:07.000+0000,False
EVT_02e5ae92aa7a40de,89.228.177.67.7484883732092691,9AABF309-7494-4C63-8622-E88170B3E33B,~328370574705313521,94,2024-01-15T18:55:07.000+0000,False
EVT_fcdd0ffdf0ce411d,89.228.177.67.7484883732092691,9AABF309-7494-4C63-8622-E88170B3E33B,~711985265972524932,95,2024-01-15T18:55:07.000+0000,False
EVT_32c58c40e9564b3c,117.30.249.118.1774789044877091,2C7E9A63-2390-4651-9B8C-466CB73E4D88,~819330391008835362,81,2024-01-15T12:31:11.000+0000,False
EVT_85d3afe23c93426e,117.30.249.118.1774789044877091,2C7E9A63-2390-4651-9B8C-466CB73E4D88,~940515544603651759,82,2024-01-15T12:31:11.000+0000,False
EVT_428c16df134f4dc2,117.30.249.118.1774789044877091,2C7E9A63-2390-4651-9B8C-466CB73E4D88,~193174997044464337,83,2024-01-15T12:31:11.000+0000,False
EVT_09fd0e11c2664557,117.30.249.118.1774789044877091,2C7E9A63-2390-4651-9B8C-466CB73E4D88,~590229130566262526,84,2024-01-15T12:31:11.000+0000,False
EVT_a12bc2031cef4378,117.30.249.118.1774789044877091,2C7E9A63-2390-4651-9B8C-466CB73E4D88,~697968477332656152,85,2024-01-15T12:31:11.000+0000,False
EVT_e6b0df8af0ec45b9,117.30.249.118.1774789044877091,2C7E9A63-2390-4651-9B8C-466CB73E4D88,~538977901705763689,86,2024-01-15T12:31:11.000+0000,False
EVT_bf818f2af6394455,89.228.177.67.7484883732092691,D92A636B-73DE-456A-9B09-83DEFCF00F58,~819330391008835362,11,2024-01-15T19:33:13.000+0000,False
EVT_ac50189aa8c6407c,89.228.177.67.7484883732092691,D92A636B-73DE-456A-9B09-83DEFCF00F58,~778387278128331331,12,2024-01-15T19:33:13.000+0000,False
EVT_04e21357b72d4541,89.228.177.67.7484883732092691,D92A636B-73DE-456A-9B09-83DEFCF00F58,~201229071073273427,13,2024-01-15T19:33:13.000+0000,False
EVT_5d7a7aa6648d4294,89.228.177.67.7484883732092691,D92A636B-73DE-456A-9B09-83DEFCF00F58,~711985265972524932,14,2024-01-15T19:33:13.000+0000,False
EVT_79d1824b5bb44ccd,89.228.177.67.7484883732092691,D92A636B-73DE-456A-9B09-83DEFCF00F58,~329971088208109483,15,2024-01-15T19:33:13.000+0000,False
EVT_ca528f92bdff4378,89.228.177.67.7484883732092691,D92A636B-73DE-456A-9B09-83DEFCF00F58,~633457300363584877,16,2024-01-15T19:33:13.000+0000,False
EVT_2f2e8a111671432d,89.228.177.67.7484883732092691,D92A636B-73DE-456A-9B09-83DEFCF00F58,~328370574705313521,17,2024-01-15T19:33:13.000+0000,False
EVT_0ff33c53a9534309,89.228.177.67.7484883732092691,D92A636B-73DE-456A-9B09-83DEFCF00F58,~203574195218389338,18,2024-01-15T19:33:13.000+0000,False
EVT_f83dde32fe474305,89.228.177.67.7484883732092691,D92A636B-73DE-456A-9B09-83DEFCF00F58,~195652715593206219,19,2024-01-15T19:33:13.000+0000,False
EVT_28801afba0d045e4,89.228.177.67.7484883732092691,D92A636B-73DE-456A-9B09-83DEFCF00F58,~365474849911471421,20,2024-01-15T19:33:13.000+0000,False
EVT_6191b01f7edf450b,193.163.209.201.6476685243956426,B144CB85-3956-4DE6-98D0-21A6D0AE1A05,~328370574705313521,91,2024-01-15T02:14:13.000+0000,False
EVT_4e724ddb56214c68,193.163.209.201.6476685243956426,B144CB85-3956-4DE6-98D0-21A6D0AE1A05,~253620329726030318,92,2024-01-15T02:14:13.000+0000,False
EVT_94fdb5ef603f4f28,193.163.209.201.6476685243956426,B144CB85-3956-4DE6-98D0-21A6D0AE1A05,~193174997044464337,93,2024-01-15T02:14:13.000+0000,False
EVT_33239392ac7b4875,193.163.209.201.6476685243956426,B144CB85-3956-4DE6-98D0-21A6D0AE1A05,~932669438950018402,94,2024-01-15T02:14:13.000+0000,False
EVT_648c435b4d744fa7,193.163.209.201.6476685243956426,B144CB85-3956-4DE6-98D0-21A6D0AE1A05,~199818191433716728,95,2024-01-15T02:14:13.000+0000,False
EVT_9b90353284484745,193.163.209.201.6476685243956426,B144CB85-3956-4DE6-98D0-21A6D0AE1A05,~940515544603651759,96,2024-01-15T02:14:13.000+0000,False
EVT_5a2959c6110c4707,193.163.209.201.6476685243956426,B144CB85-3956-4DE6-98D0-21A6D0AE1A05,~345100575194069253,97,2024-01-15T02:14:13.000+0000,False
EVT_192b7703a02d4892,193.163.209.201.6476685243956426,B144CB85-3956-4DE6-98D0-21A6D0AE1A05,~632054008047310927,98,2024-01-15T02:14:13.000+0000,False
EVT_b2afd22344174af9,193.163.209.201.6476685243956426,B144CB85-3956-4DE6-98D0-21A6D0AE1A05,~697968477332656152,99,2024-01-15T02:14:13.000+0000,False
EVT_33c5283a390146b0,183.28.138.83.6275448248017075,350E9857-DEF0-43B4-BD4C-68152B1568F3,~880963109817413971,71,2024-01-15T04:06:19.000+0000,False
EVT_88633457836c48b8,183.28.138.83.6275448248017075,350E9857-DEF0-43B4-BD4C-68152B1568F3,~590229130566262526,72,2024-01-15T04:06:19.000+0000,False
EVT_4a4d9556d9c04b7e,183.28.138.83.6275448248017075,350E9857-DEF0-43B4-BD4C-68152B1568F3,~345100575194069253,73,2024-01-15T04:06:19.000+0000,False
EVT_cb2a16b045fb4c13,183.28.138.83.6275448248017075,350E9857-DEF0-43B4-BD4C-68152B1568F3,~711985265972524932,74,2024-01-15T04:06:19.000+0000,False
EVT_622bdc523eb848d2,183.28.138.83.6275448248017075,350E9857-DEF0-43B4-BD4C-68152B1568F3,~926275785385270041,75,2024-01-15T04:06:19.000+0000,False
EVT_fa9d8dbff30f48d9,183.28.138.83.6275448248017075,350E9857-DEF0-43B4-BD4C-68152B1568F3,~306374057583245916,76,2024-01-15T04:06:19.000+0000,False
EVT_45c4395a7fb64d74,183.28.138.83.6275448248017075,350E9857-DEF0-43B4-BD4C-68152B1568F3,~203574195218389338,77,2024-01-15T04:06:19.000+0000,False
EVT_d72a0e760080462c,183.28.138.83.6275448248017075,350E9857-DEF0-43B4-BD4C-68152B1568F3,~253620329726030318,78,2024-01-15T04:06:19.000+0000,False
EVT_b5525052651d45c0,153.91.207.137.3106839504746820,EF5A6EC9-55CC-4862-9710-4D578D586678,~778387278128331331,41,2024-01-15T00:13:02.000+0000,False
EVT_4f95bec7b0a8485a,153.91.207.137.3106839504746820,EF5A6EC9-55CC-4862-9710-4D578D586678,~253620329726030318,42,2024-01-15T00:13:02.000+0000,False
EVT_edf2091eb58140b3,153.91.207.137.3106839504746820,EF5A6EC9-55CC-4862-9710-4D578D586678,~538977901705763689,43,2024-01-15T00:13:02.000+0000,False
EVT_d702fd5406ab464b,153.91.207.137.3106839504746820,EF5A6EC9-55CC-4862-9710-4D578D586678,~880963109817413971,44,2024-01-15T00:13:02.000+0000,False
EVT_75ba2d0df4ad4b62,153.91.207.137.3106839504746820,EF5A6EC9-55CC-4862-9710-4D578D586678,~819330391008835362,45,2024-01-15T00:13:02.000+0000,False
EVT_0e8aa2195e214589,153.91.207.137.3106839504746820,EF5A6EC9-55CC-4862-9710-4D578D586678,~791106233590490366,46,2024-01-15T00:13:02.000+0000,False
EVT_ab98b12eda6c4c5e,153.91.207.137.3106839504746820,EF5A6EC9-55CC-4862-9710-4D578D586678,~697968477332656152,47,2024-01-15T00:13:02.000+0000,False
EVT_30fb09aa7d01431d,153.91.207.137.3106839504746820,EF5A6EC9-55CC-4862-9710-4D578D586678,~365474849911471421,48,2024-01-15T00:13:02.000+0000,False
EVT_4db71fc199f843d4,153.91.207.137.3106839504746820,EF5A6EC9-55CC-4862-9710-4D578D586678,~926275785385270041,49,2024-01-15T00:13:02.000+0000,False
EVT_8734e6b04ed64d90,60.98.11.180.7254036549647255,151C043D-47A9-4EC3-AA26-B44AF9EE680A,~195652715593206219,41,2024-01-15T04:15:14.000+0000,False
EVT_7f8b7101f420440d,60.98.11.180.7254036549647255,151C043D-47A9-4EC3-AA26-B44AF9EE680A,~201229071073273427,42,2024-01-15T04:15:14.000+0000,False
EVT_e3b788eae01f4507,60.98.11.180.7254036549647255,151C043D-47A9-4EC3-AA26-B44AF9EE680A,~199818191433716728,43,2024-01-15T04:15:14.000+0000,False
EVT_02aef63a2dc64e3e,60.98.11.180.7254036549647255,151C043D-47A9-4EC3-AA26-B44AF9EE680A,~632054008047310927,44,2024-01-15T04:15:14.000+0000,False
EVT_bfe4831385a94497,60.98.11.180.7254036549647255,151C043D-47A9-4EC3-AA26-B44AF9EE680A,~517970305268049820,45,2024-01-15T04:15:14.000+0000,False
EVT_c6670266d3f0427b,85.227.59.238.7015160388825155,54072278-A397-4DC1-A1BA-9258C4D3F434,~328370574705313521,21,2024-01-15T05:58:02.000+0000,False
EVT_b42523c2ae794009,85.227.59.238.7015160388825155,54072278-A397-4DC1-A1BA-9258C4D3F434,~203574195218389338,22,2024-01-15T05:58:02.000+0000,False
EVT_7c0952defdde4c75,85.227.59.238.7015160388825155,54072278-A397-4DC1-A1BA-9258C4D3F434,~791106233590490366,23,2024-01-15T05:58:02.000+0000,False
EVT_6ee08fc8762a411c,85.227.59.238.7015160388825155,54072278-A397-4DC1-A1BA-9258C4D3F434,~365474849911471421,24,2024-01-15T05:58:02.000+0000,False
EVT_f4760c8f707146cc,85.227.59.238.7015160388825155,54072278-A397-4DC1-A1BA-9258C4D3F434,~778387278128331331,25,2024-01-15T05:58:02.000+0000,False
EVT_757bacd18bcc430c,183.183.164.230.6572415069303488,94C7EAB8-AFDA-4E5E-822A-DFC8165733F3,~328370574705313521,11,2024-01-15T17:36:09.000+0000,False
EVT_25b2e8e054a24472,183.183.164.230.6572415069303488,94C7EAB8-AFDA-4E5E-822A-DFC8165733F3,~907607906474056157,12,2024-01-15T17:36:09.000+0000,False
EVT_a6d9af4a1dfe4a6b,183.183.164.230.6572415069303488,94C7EAB8-AFDA-4E5E-822A-DFC8165733F3,~201229071073273427,13,2024-01-15T17:36:09.000+0000,False
EVT_dadf0f4147c74178,183.183.164.230.6572415069303488,94C7EAB8-AFDA-4E5E-822A-DFC8165733F3,~932669438950018402,14,2024-01-15T17:36:09.000+0000,False
EVT_2d6daab93a0e4a81,183.183.164.230.6572415069303488,94C7EAB8-AFDA-4E5E-822A-DFC8165733F3,~464759857793003888,15,2024-01-15T17:36:09.000+0000,False
EVT_c496246bb0e54933,183.183.164.230.6572415069303488,94C7EAB8-AFDA-4E5E-822A-DFC8165733F3,~753608504712983352,16,2024-01-15T17:36:09.000+0000,False
EVT_829fc6eb2e734503,183.183.164.230.6572415069303488,94C7EAB8-AFDA-4E5E-822A-DFC8165733F3,~743274789430450381,17,2024-01-15T17:36:09.000+0000,False
EVT_5f213fd047d548db,183.183.164.230.6572415069303488,94C7EAB8-AFDA-4E5E-822A-DFC8165733F3,~203574195218389338,18,2024-01-15T17:36:09.000+0000,False
EVT_147f9a26b51345f5,183.183.164.230.6572415069303488,94C7EAB8-AFDA-4E5E-822A-DFC8165733F3,~926275785385270041,19,2024-01-15T17:36:09.000+0000,False
EVT_73140ca9f9be42b2,183.183.164.230.6572415069303488,94C7EAB8-AFDA-4E5E-822A-DFC8165733F3,~253620329726030318,20,2024-01-15T17:36:09.000+0000,False
EVT_48865cdb3c574531,46.89.168.11.3969653694250819,3FDC62B1-F127-4939-AA73-FEC5DB09FA1E,~880963109817413971,51,2024-01-15T03:18:04.000+0000,False
EVT_36a276d045284289,46.89.168.11.3969653694250819,3FDC62B1-F127-4939-AA73-FEC5DB09FA1E,~149173799560693904,52,2024-01-15T03:18:04.000+0000,False
EVT_509d97f62e20445d,46.89.168.11.3969653694250819,3FDC62B1-F127-4939-AA73-FEC5DB09FA1E,~538977901705763689,53,2024-01-15T03:18:04.000+0000,False
EVT_416778b26d1f4350,46.89.168.11.3969653694250819,3FDC62B1-F127-4939-AA73-FEC5DB09FA1E,~632054008047310927,54,2024-01-15T03:18:04.000+0000,False
EVT_23709ba821d94240,46.89.168.11.3969653694250819,3FDC62B1-F127-4939-AA73-FEC5DB09FA1E,~306374057583245916,55,2024-01-15T03:18:04.000+0000,False
EVT_edd247cba9434616,46.89.168.11.3969653694250819,3FDC62B1-F127-4939-AA73-FEC5DB09FA1E,~926275785385270041,56,2024-01-15T03:18:04.000+0000,False
EVT_507d5f22efd84453,46.89.168.11.3969653694250819,3FDC62B1-F127-4939-AA73-FEC5DB09FA1E,~464759857793003888,57,2024-01-15T03:18:04.000+0000,False
EVT_bd5f0d165e5942e6,46.89.168.11.3969653694250819,3FDC62B1-F127-4939-AA73-FEC5DB09FA1E,~195652715593206219,58,2024-01-15T03:18:04.000+0000,False
EVT_e0b764667234475e,46.89.168.11.3969653694250819,3FDC62B1-F127-4939-AA73-FEC5DB09FA1E,~940515544603651759,59,2024-01-15T03:18:04.000+0000,False
EVT_6a7df51e8310466a,46.89.168.11.3969653694250819,3FDC62B1-F127-4939-AA73-FEC5DB09FA1E,~193174997044464337,60,2024-01-15T03:18:04.000+0000,False
EVT_168ac2cc79624fc6,24.173.64.123.5913164520032732,90C2C401-0AF2-45D0-B495-9BE89CF5E6F8,~778387278128331331,41,2024-01-15T08:28:19.000+0000,False
EVT_ed60f0c127e34c1f,24.173.64.123.5913164520032732,90C2C401-0AF2-45D0-B495-9BE89CF5E6F8,~711985265972524932,42,2024-01-15T08:28:19.000+0000,False
EVT_9d5793e104c44edf,24.173.64.123.5913164520032732,90C2C401-0AF2-45D0-B495-9BE89CF5E6F8,~743274789430450381,43,2024-01-15T08:28:19.000+0000,False
EVT_f451d5f80b4a43a4,24.173.64.123.5913164520032732,90C2C401-0AF2-45D0-B495-9BE89CF5E6F8,~932669438950018402,44,2024-01-15T08:28:19.000+0000,False
EVT_2241ae55faa04e3a,24.173.64.123.5913164520032732,90C2C401-0AF2-45D0-B495-9BE89CF5E6F8,~329971088208109483,45,2024-01-15T08:28:19.000+0000,False
EVT_59e46e9bc14b4250,24.173.64.123.5913164520032732,90C2C401-0AF2-45D0-B495-9BE89CF5E6F8,~538977901705763689,46,2024-01-15T08:28:19.000+0000,False
EVT_8ab7b0fafd6f4129,24.173.64.123.5913164520032732,90C2C401-0AF2-45D0-B495-9BE89CF5E6F8,~940515544603651759,47,2024-01-15T08:28:19.000+0000,False
EVT_25da147900754a9f,24.173.64.123.5913164520032732,90C2C401-0AF2-45D0-B495-9BE89CF5E6F8,~819330391008835362,48,2024-01-15T08:28:19.000+0000,False
EVT_fe249ae358d54eee,178.221.166.50.4413353456481963,82DA6E25-B760-4D8C-B36C-C28B592EF74F,~880963109817413971,1,2024-01-15T02:24:04.000+0000,False
EVT_fe5accb128f84ada,178.221.166.50.4413353456481963,82DA6E25-B760-4D8C-B36C-C28B592EF74F,~926275785385270041,2,2024-01-15T02:24:04.000+0000,False
EVT_ec3ea471ee64476f,178.221.166.50.4413353456481963,82DA6E25-B760-4D8C-B36C-C28B592EF74F,~538977901705763689,3,2024-01-15T02:24:04.000+0000,False
EVT_5c286a0498324eed,178.221.166.50.4413353456481963,82DA6E25-B760-4D8C-B36C-C28B592EF74F,~791106233590490366,4,2024-01-15T02:24:04.000+0000,False
EVT_3721483e5a0d41dc,178.221.166.50.4413353456481963,82DA6E25-B760-4D8C-B36C-C28B592EF74F,~199818191433716728,5,2024-01-15T02:24:04.000+0000,False
EVT_10e220d18a8a4ee9,178.221.166.50.4413353456481963,82DA6E25-B760-4D8C-B36C-C28B592EF74F,~932669438950018402,6,2024-01-15T02:24:04.000+0000,False
EVT_0da833f3d7834d85,178.221.166.50.4413353456481963,82DA6E25-B760-4D8C-B36C-C28B592EF74F,~819330391008835362,7,2024-01-15T02:24:04.000+0000,False
EVT_217f44ee7a224648,178.221.166.50.4413353456481963,82DA6E25-B760-4D8C-B36C-C28B592EF74F,~743274789430450381,8,2024-01-15T02:24:04.000+0000,False
EVT_296faea9ecc7489e,178.221.166.50.4413353456481963,82DA6E25-B760-4D8C-B36C-C28B592EF74F,~940515544603651759,9,2024-01-15T02:24:04.000+0000,False
EVT_f4e4f124fb7742ae,178.221.166.50.4413353456481963,82DA6E25-B760-4D8C-B36C-C28B592EF74F,~590229130566262526,10,2024-01-15T02:24:04.000+0000,False
EVT_8e102e77f4424e7f,54.55.114.47.2869710607256063,0F823CEF-8597-4FFB-84F8-6EC29BC78642,~306374057583245916,41,2024-01-15T05:16:14.000+0000,False
EVT_d4f603117abc4ab6,54.55.114.47.2869710607256063,0F823CEF-8597-4FFB-84F8-6EC29BC78642,~743274789430450381,42,2024-01-15T05:16:14.000+0000,False
EVT_f97416fd2d6d4b78,54.55.114.47.2869710607256063,0F823CEF-8597-4FFB-84F8-6EC29BC78642,~328370574705313521,43,2024-01-15T05:16:14.000+0000,False
EVT_7a9106decf0941ad,54.55.114.47.2869710607256063,0F823CEF-8597-4FFB-84F8-6EC29BC78642,~753608504712983352,44,2024-01-15T05:16:14.000+0000,False
EVT_1db74f1af0a945a8,54.55.114.47.2869710607256063,0F823CEF-8597-4FFB-84F8-6EC29BC78642,~538977901705763689,45,2024-01-15T05:16:14.000+0000,False
EVT_15f049b5afbe4f04,54.55.114.47.2869710607256063,0F823CEF-8597-4FFB-84F8-6EC29BC78642,~199818191433716728,46,2024-01-15T05:16:14.000+0000,False
EVT_87c5dfccce974e8b,54.55.114.47.2869710607256063,0F823CEF-8597-4FFB-84F8-6EC29BC78642,~195652715593206219,47,2024-01-15T05:16:14.000+0000,False
EVT_d63077d6715a43d0,73.108.85.122.9638732943144612,0B7CAA9F-DA3F-4D45-B9E8-29FBB8890971,~778387278128331331,1,2024-01-15T14:04:17.000+0000,False
EVT_735bd3d502474f72,73.108.85.122.9638732943144612,0B7CAA9F-DA3F-4D45-B9E8-29FBB8890971,~633457300363584877,2,2024-01-15T14:04:17.000+0000,False
EVT_8e7f7b9c806e450c,73.108.85.122.9638732943144612,0B7CAA9F-DA3F-4D45-B9E8-29FBB8890971,~328370574705313521,3,2024-01-15T14:04:17.000+0000,False
EVT_0c7fe780eedb47b4,73.108.85.122.9638732943144612,0B7CAA9F-DA3F-4D45-B9E8-29FBB8890971,~711985265972524932,4,2024-01-15T14:04:17.000+0000,False
EVT_690e36b2c8f7451c,73.108.85.122.9638732943144612,0B7CAA9F-DA3F-4D45-B9E8-29FBB8890971,~253620329726030318,5,2024-01-15T14:04:17.000+0000,False
EVT_53ae10f41c514450,73.108.85.122.9638732943144612,0B7CAA9F-DA3F-4D45-B9E8-29FBB8890971,~199818191433716728,6,2024-01-15T14:04:17.000+0000,False
EVT_5e59c9ac3d6f4a03,73.108.85.122.9638732943144612,0B7CAA9F-DA3F-4D45-B9E8-29FBB8890971,~819330391008835362,7,2024-01-15T14:04:17.000+0000,False
EVT_851137f247494f7e,73.108.85.122.9638732943144612,0B7CAA9F-DA3F-4D45-B9E8-29FBB8890971,~345100575194069253,8,2024-01-15T14:04:17.000+0000,False
EVT_cde6e837fa2d42f9,73.108.85.122.9638732943144612,0B7CAA9F-DA3F-4D45-B9E8-29FBB8890971,~753608504712983352,9,2024-01-15T14:04:17.000+0000,False
EVT_ee730f3f32bb49eb,168.206.171.222.6457807207416907,D562EC90-B3E4-4AB5-B7D7-EAEAD4D876DD,~253620329726030318,31,2024-01-15T23:04:08.000+0000,False
EVT_78367769720b4b03,168.206.171.222.6457807207416907,D562EC90-B3E4-4AB5-B7D7-EAEAD4D876DD,~819330391008835362,32,2024-01-15T23:04:08.000+0000,False
EVT_13842ef636524c4c,168.206.171.222.6457807207416907,D562EC90-B3E4-4AB5-B7D7-EAEAD4D876DD,~907607906474056157,33,2024-01-15T23:04:08.000+0000,False
EVT_93f0aa7143e44e0b,168.206.171.222.6457807207416907,D562EC90-B3E4-4AB5-B7D7-EAEAD4D876DD,~743274789430450381,34,2024-01-15T23:04:08.000+0000,False
EVT_bbc8151a60dc4a44,168.206.171.222.6457807207416907,D562EC90-B3E4-4AB5-B7D7-EAEAD4D876DD,~193174997044464337,35,2024-01-15T23:04:08.000+0000,False
EVT_359e5bd441bb4fcd,88.29.158.18.1525231383716459,20E8983B-9156-43C7-B35A-2C04A1A10DA4,~753608504712983352,91,2024-01-15T01:23:04.000+0000,False
EVT_01074709db3e472a,88.29.158.18.1525231383716459,20E8983B-9156-43C7-B35A-2C04A1A10DA4,~517970305268049820,92,2024-01-15T01:23:04.000+0000,False
EVT_f75238a1090743e2,88.29.158.18.1525231383716459,20E8983B-9156-43C7-B35A-2C04A1A10DA4,~819330391008835362,93,2024-01-15T01:23:04.000+0000,False
EVT_1298b27b4c2e430e,88.29.158.18.1525231383716459,20E8983B-9156-43C7-B35A-2C04A1A10DA4,~711985265972524932,94,2024-01-15T01:23:04.000+0000,False
EVT_16559274385b4fe8,88.29.158.18.1525231383716459,20E8983B-9156-43C7-B35A-2C04A1A10DA4,~149173799560693904,95,2024-01-15T01:23:04.000+0000,False
EVT_cf59a4ca1ac44b23,183.28.138.83.6275448248017075,0A13AF66-3A7A-4DEA-8D2C-8A30E18231B1,~633457300363584877,81,2024-01-15T15:34:07.000+0000,False
EVT_0b809b4813334834,183.28.138.83.6275448248017075,0A13AF66-3A7A-4DEA-8D2C-8A30E18231B1,~590229130566262526,82,2024-01-15T15:34:07.000+0000,False
EVT_bfbae24a20d248f9,183.28.138.83.6275448248017075,0A13AF66-3A7A-4DEA-8D2C-8A30E18231B1,~743274789430450381,83,2024-01-15T15:34:07.000+0000,False
EVT_a758d441640947a3,183.28.138.83.6275448248017075,0A13AF66-3A7A-4DEA-8D2C-8A30E18231B1,~711985265972524932,84,2024-01-15T15:34:07.000+0000,False
EVT_5dec7b276d604357,183.28.138.83.6275448248017075,0A13AF66-3A7A-4DEA-8D2C-8A30E18231B1,~203574195218389338,85,2024-01-15T15:34:07.000+0000,False
EVT_f0cf67cfa36c49ef,183.28.138.83.6275448248017075,0A13AF66-3A7A-4DEA-8D2C-8A30E18231B1,~345100575194069253,86,2024-01-15T15:34:07.000+0000,False
EVT_331462cd1f56478b,183.28.138.83.6275448248017075,0A13AF66-3A7A-4DEA-8D2C-8A30E18231B1,~193174997044464337,87,2024-01-15T15:34:07.000+0000,False
EVT_3f0df1a9247747d7,24.173.64.123.5913164520032732,AE4D075A-56B1-4915-B6E8-D5E10A5D1342,~932669438950018402,61,2024-01-15T23:31:05.000+0000,False
EVT_9944e621b931413c,24.173.64.123.5913164520032732,AE4D075A-56B1-4915-B6E8-D5E10A5D1342,~907607906474056157,62,2024-01-15T23:31:05.000+0000,False
EVT_515e8a1485584ff3,24.173.64.123.5913164520032732,AE4D075A-56B1-4915-B6E8-D5E10A5D1342,~201229071073273427,63,2024-01-15T23:31:05.000+0000,False
EVT_b4c0e1065e724d1d,24.173.64.123.5913164520032732,AE4D075A-56B1-4915-B6E8-D5E10A5D1342,~345100575194069253,64,2024-01-15T23:31:05.000+0000,False
EVT_430dad8016434e87,24.173.64.123.5913164520032732,AE4D075A-56B1-4915-B6E8-D5E10A5D1342,~633457300363584877,65,2024-01-15T23:31:05.000+0000,False
EVT_615eb003918246b1,24.173.64.123.5913164520032732,AE4D075A-56B1-4915-B6E8-D5E10A5D1342,~753608504712983352,66,2024-01-15T23:31:05.000+0000,False
EVT_52de4579f584448a,24.173.64.123.5913164520032732,AE4D075A-56B1-4915-B6E8-D5E10A5D1342,~193174997044464337,67,2024-01-15T23:31:05.000+0000,False
EVT_f7d48c669d864498,24.173.64.123.5913164520032732,AE4D075A-56B1-4915-B6E8-D5E10A5D1342,~328370574705313521,68,2024-01-15T23:31:05.000+0000,False
EVT_67003ad28f1e42a4,54.55.114.47.2869710607256063,FC840BEA-CFA0-4592-B043-CA2633E07FE6,~926275785385270041,41,2024-01-15T21:59:25.000+0000,False
EVT_f879854d15134f42,54.55.114.47.2869710607256063,FC840BEA-CFA0-4592-B043-CA2633E07FE6,~907607906474056157,42,2024-01-15T21:59:25.000+0000,False
EVT_9315cff7e193408a,54.55.114.47.2869710607256063,FC840BEA-CFA0-4592-B043-CA2633E07FE6,~464759857793003888,43,2024-01-15T21:59:25.000+0000,False
EVT_bae0ee47101140d5,54.55.114.47.2869710607256063,FC840BEA-CFA0-4592-B043-CA2633E07FE6,~203574195218389338,44,2024-01-15T21:59:25.000+0000,False
EVT_87ef9b897d244c34,54.55.114.47.2869710607256063,FC840BEA-CFA0-4592-B043-CA2633E07FE6,~633457300363584877,45,2024-01-15T21:59:25.000+0000,False
EVT_71dcd2e2d5574c5d,46.89.168.11.3969653694250819,F52290A5-C0DB-4915-B3C3-6112ED6B4C01,~193174997044464337,31,2024-01-15T15:01:30.000+0000,False
EVT_1f547990ec564f98,46.89.168.11.3969653694250819,F52290A5-C0DB-4915-B3C3-6112ED6B4C01,~365474849911471421,32,2024-01-15T15:01:30.000+0000,False
EVT_19c5ae97c73748bf,46.89.168.11.3969653694250819,F52290A5-C0DB-4915-B3C3-6112ED6B4C01,~632054008047310927,33,2024-01-15T15:01:30.000+0000,False
EVT_5ba4c8a035c24b90,46.89.168.11.3969653694250819,F52290A5-C0DB-4915-B3C3-6112ED6B4C01,~711985265972524932,34,2024-01-15T15:01:30.000+0000,False
EVT_d4f6cba04c194471,46.89.168.11.3969653694250819,F52290A5-C0DB-4915-B3C3-6112ED6B4C01,~753608504712983352,35,2024-01-15T15:01:30.000+0000,False
EVT_66858985e44d481e,46.89.168.11.3969653694250819,F52290A5-C0DB-4915-B3C3-6112ED6B4C01,~697968477332656152,36,2024-01-15T15:01:30.000+0000,False
EVT_6de5f60bd3b0402d,46.89.168.11.3969653694250819,F52290A5-C0DB-4915-B3C3-6112ED6B4C01,~199818191433716728,37,2024-01-15T15:01:30.000+0000,False
EVT_c45f61659f8c4ea7,46.89.168.11.3969653694250819,F52290A5-C0DB-4915-B3C3-6112ED6B4C01,~253620329726030318,38,2024-01-15T15:01:30.000+0000,False
EVT_dfbf4bff9ab5479b,46.89.168.11.3969653694250819,F52290A5-C0DB-4915-B3C3-6112ED6B4C01,~907607906474056157,39,2024-01-15T15:01:30.000+0000,False
EVT_57e09fd24de44fac,46.89.168.11.3969653694250819,F52290A5-C0DB-4915-B3C3-6112ED6B4C01,~195652715593206219,40,2024-01-15T15:01:30.000+0000,False
EVT_d621316cb37743f0,113.221.205.42.9478949861700086,CD1FA7CB-224E-4D56-9C28-B8321CC42DDD,~253620329726030318,31,2024-01-15T15:15:11.000+0000,False
EVT_26dcc3c8f4d442d1,113.221.205.42.9478949861700086,CD1FA7CB-224E-4D56-9C28-B8321CC42DDD,~365474849911471421,32,2024-01-15T15:15:11.000+0000,False
EVT_4563ba0c32ab4f53,113.221.205.42.9478949861700086,CD1FA7CB-224E-4D56-9C28-B8321CC42DDD,~697968477332656152,33,2024-01-15T15:15:11.000+0000,False
EVT_b1e2a01360774f47,113.221.205.42.9478949861700086,CD1FA7CB-224E-4D56-9C28-B8321CC42DDD,~940515544603651759,34,2024-01-15T15:15:11.000+0000,False
EVT_4f70f187395e40c4,113.221.205.42.9478949861700086,CD1FA7CB-224E-4D56-9C28-B8321CC42DDD,~329971088208109483,35,2024-01-15T15:15:11.000+0000,False
EVT_bdd14a2331e84e0c,113.221.205.42.9478949861700086,CD1FA7CB-224E-4D56-9C28-B8321CC42DDD,~517970305268049820,36,2024-01-15T15:15:11.000+0000,False
EVT_2b4cc38037094688,113.221.205.42.9478949861700086,CD1FA7CB-224E-4D56-9C28-B8321CC42DDD,~538977901705763689,37,2024-01-15T15:15:11.000+0000,False
EVT_7119b998848d4c03,113.221.205.42.9478949861700086,CD1FA7CB-224E-4D56-9C28-B8321CC42DDD,~632054008047310927,38,2024-01-15T15:15:11.000+0000,False
EVT_038da3e827fe4c4b,33.56.235.19.4359647642425608,B813B70C-AC14-4290-8389-3F4B7823E6CC,~253620329726030318,31,2024-01-15T22:51:20.000+0000,False
EVT_417585b063f943c2,33.56.235.19.4359647642425608,B813B70C-AC14-4290-8389-3F4B7823E6CC,~203574195218389338,32,2024-01-15T22:51:20.000+0000,False
EVT_81e8b89927a441eb,33.56.235.19.4359647642425608,B813B70C-AC14-4290-8389-3F4B7823E6CC,~193174997044464337,33,2024-01-15T22:51:20.000+0000,False
EVT_0ee029e7355e482b,33.56.235.19.4359647642425608,B813B70C-AC14-4290-8389-3F4B7823E6CC,~195652715593206219,34,2024-01-15T22:51:20.000+0000,False
EVT_4656a6ff58d9408f,33.56.235.19.4359647642425608,B813B70C-AC14-4290-8389-3F4B7823E6CC,~365474849911471421,35,2024-01-15T22:51:20.000+0000,False
EVT_10cc309096fc448d,33.56.235.19.4359647642425608,B813B70C-AC14-4290-8389-3F4B7823E6CC,~199818191433716728,36,2024-01-15T22:51:20.000+0000,False
EVT_f2c1d67c56e44ead,33.56.235.19.4359647642425608,B813B70C-AC14-4290-8389-3F4B7823E6CC,~517970305268049820,37,2024-01-15T22:51:20.000+0000,False
EVT_2878045133c0442b,33.56.235.19.4359647642425608,B813B70C-AC14-4290-8389-3F4B7823E6CC,~743274789430450381,38,2024-01-15T22:51:20.000+0000,False
EVT_391b0401e4b74292,153.91.207.137.3106839504746820,DBE66115-956C-4D64-86A1-FA8C5D935F21,~365474849911471421,51,2024-01-15T09:09:16.000+0000,False
EVT_33d8ccd0cb3a461f,153.91.207.137.3106839504746820,DBE66115-956C-4D64-86A1-FA8C5D935F21,~199818191433716728,52,2024-01-15T09:09:16.000+0000,False
EVT_47aae76000724cbf,153.91.207.137.3106839504746820,DBE66115-956C-4D64-86A1-FA8C5D935F21,~753608504712983352,53,2024-01-15T09:09:16.000+0000,False
EVT_bffc60b869004208,153.91.207.137.3106839504746820,DBE66115-956C-4D64-86A1-FA8C5D935F21,~907607906474056157,54,2024-01-15T09:09:16.000+0000,False
EVT_b84a1d22fc274f1a,153.91.207.137.3106839504746820,DBE66115-956C-4D64-86A1-FA8C5D935F21,~193174997044464337,55,2024-01-15T09:09:16.000+0000,False
EVT_4346be913d18412a,153.91.207.137.3106839504746820,DBE66115-956C-4D64-86A1-FA8C5D935F21,~538977901705763689,56,2024-01-15T09:09:16.000+0000,False
EVT_6bca1f4a30024591,153.91.207.137.3106839504746820,DBE66115-956C-4D64-86A1-FA8C5D935F21,~791106233590490366,57,2024-01-15T09:09:16.000+0000,False
EVT_366b0b9d29ea4765,88.29.158.18.1525231383716459,AE485B74-2BD1-4CBF-88EC-30F51C1D13DE,~940515544603651759,8,2024-01-15T14:26:00.000+0000,True
EVT_4390fc3001b14d22,168.206.171.222.6457807207416907,21773A5F-08B7-4E2B-A0A6-B09786153B82,~819330391008835362,5,2024-01-15T23:51:00.000+0000,True
EVT_02381d15f727498d,113.221.205.42.9478949861700086,F8A813B0-F766-4FC0-AFCE-BCC0707197EA,~517970305268049820,4,2024-01-15T03:23:00.000+0000,True
EVT_dbf0380c7e3a4a23,85.227.59.238.7015160388825155,9EF08E6E-72B0-4B1F-8607-56ABBF0BFD36,~697968477332656152,10,2024-01-15T19:37:00.000+0000,True
EVT_e667a2b2295b45f3,30.235.122.117.9175452912617543,1AC46A87-28FB-4C92-A1F7-C05992004812,~201229071073273427,7,2024-01-15T13:09:00.000+0000,True
EVT_d6c309b256a344ee,46.89.168.11.3969653694250819,5C3C0552-BA1C-4CD4-AC3C-84285834F12F,~193174997044464337,1,2024-01-15T12:45:00.000+0000,True
EVT_9e346ff04f7f42f6,60.98.11.180.7254036549647255,C10DD8CF-1BDA-4D78-B941-925AD5353E02,~711985265972524932,7,2024-01-15T09:02:00.000+0000,True
EVT_cfbba7bef9f24cfa,75.27.138.85.7168203998699808,1680DA58-06E3-4C70-B401-8779607C4157,~940515544603651759,6,2024-01-15T10:35:00.000+0000,True
EVT_e2af4a612f714271,116.86.104.152.9541644670089853,03CD14BE-51BD-44C8-9860-7689D6D92891,~778387278128331331,4,2024-01-15T04:37:00.000+0000,True
EVT_e364e4d681f04671,180.192.122.59.4034048133606968,F2CE3128-A826-43D7-A59F-104EE4EBFD9C,~365474849911471421,7,2024-01-15T10:44:00.000+0000,True
EVT_d7963fbbe42e4046,85.227.59.238.7015160388825155,030CF297-0206-45E2-BC04-18E0F0C204AB,~195652715593206219,6,2024-01-15T11:51:00.000+0000,True
EVT_c87e7abee2c84b63,200.202.231.190.4677150128525937,D1460C70-188D-4753-A62C-7CA02BE5FFF0,~743274789430450381,3,2024-01-15T01:13:00.000+0000,True
EVT_b8bf52741df04157,44.143.113.61.8090612618948995,04FBA73D-DE97-43C5-80DD-EBE45D917646,~329971088208109483,7,2024-01-15T08:10:00.000+0000,True
EVT_33f0fd2983c94218,114.41.34.40.3665895407587144,97DA308D-2FE1-41BE-B20E-70C991780C41,~365474849911471421,5,2024-01-15T12:00:00.000+0000,True
EVT_2f71ba725bed4c57,113.221.205.42.9478949861700086,087B608E-7156-49DE-9117-FAF56E0A84C4,~193174997044464337,3,2024-01-15T08:57:00.000+0000,True
EVT_628fd1bbe8a94617,89.37.233.186.3827654944355096,F037BA0F-4F39-4538-B21D-ACD67D3A73D1,~880963109817413971,0,2024-01-15T08:00:01.000+0000,False
EVT_a827ab93530a4ad1,89.228.177.67.7484883732092691,3184C5A4-1E81-4A7B-9747-FC7044140CE8,~632054008047310927,-1,2024-01-15T08:05:01.000+0000,False
EVT_dd02d946f8a8498e,114.41.34.40.3665895407587144,EA2E3253-6DE1-4F64-ACE0-311AF050ED83,~632054008047310927,3,2024-01-15T09:00:01.000+0000,False
EVT_dd02d946f8a8498e,114.41.34.40.3665895407587144,7C1DBE75-CBEC-48F2-853C-BCAF307A9853,~632054008047310927,3,2024-01-15T09:00:01.000+0000,False
EVT_5c275f6209ea4234,,359BCF17-94F3-4891-BF4A-D3F53551FB8C,~926275785385270041,1,2024-01-15T10:00:01.000+0000,False
EVT_f19b05492c2d4f60,,B64C7FE8-9896-41CC-A603-937B9AE46C53,~880963109817413971,2,2024-01-15T10:05:01.000+0000,False
EVT_5921b2e0b5f34a98,73.108.85.122.9638732943144612,4CF6B8CC-7745-473F-BFFC-9CA6C77ED727,,5,2024-01-15T11:00:01.000+0000,False
EVT_aea5f72393224159,112.108.116.218.5813156693594853,4FD6BE38-0026-43E8-9FC7-2EAF893D98F3,~778387278128331331,4,2024-01-15T11:59:00.000+0000,False
EVT_15a0c1819dc146f8,123.248.62.77.8669199898066131,6CFD0B9F-D799-4FEA-B9D1-17A7C034951F,~538977901705763689,2,2024-01-15T13:00:01.000+0000,False
EVT_7a9e4efadbbe453a,54.55.114.47.2869710607256063,E5BEE6C6-A350-419B-8C1D-21B65E76680D,~149173799560693904,3,2024-01-15T13:05:01.000+0000,False
EVT_cb659834f00448a6,24.173.64.123.5913164520032732,F0A17018-A063-45CF-BF57-124300074B20,~697968477332656152,1,2025-11-01T08:00:01.000+0000,False
EVT_8512af9304c24cb6,92.211.132.146.9375169593996057,9793D933-B95A-446F-8B70-E07999BE8B78,~99999999999999999,1,2024-01-15T14:00:01.000+0000,False
EVT_a3b962eef49347f4,98.178.112.10.5518516531252438,6A1178FF-B24D-4883-BC57-E15AA3D21D5D,~940515544603651759,first,2024-01-15T14:05:01.000+0000,False
EVT_475d2d521c3145bb,114.41.34.40.3665895407587144,3F873C73-999A-440C-B27F-3BABCC02D162,~907607906474056157,N/A,2024-01-15T14:10:01.000+0000,False
EVT_4948be9eaf3c4b9e,24.173.64.123.5913164520032732,CF5AED0F-C7DD-445F-BD55-3ADF74E3F5D0,~306374057583245916,2,2024-01-15T14:15:01.000+0000,yes
EVT_ab9555b3ac03482e,117.30.249.118.1774789044877091,7F7E8589-7147-4348-AD2B-7BEF6C9B5617,~753608504712983352,3,2024-01-15T14:20:01.000+0000,unknown
,,,,,,
